"PTS","MP","FG","X3P","FT","FT.","Age","FG.","AST","Pos1"
2.2,7.4,0.8,0.2,0.4,0.45,24,0.405,0.2,"C"
5,13.8,1.9,0.7,0.5,0.8,32,0.403,1.9,"PG"
12.7,28.7,4.9,1,2,0.719,21,0.454,1.9,"SF"
3.5,7.5,1.3,0.2,0.8,0.737,25,0.426,0.4,"PF"
8.7,29.1,3,1.1,1.6,0.706,26,0.393,1.6,"PF"
14,32.3,5.6,1.3,1.6,0.8,30,0.473,5,"C"
8.1,14.1,3.6,0,1,0.765,32,0.499,0.9,"C"
2.9,10.3,1,0.5,0.4,0.75,34,0.375,0.4,"SF"
7.4,15.1,2.9,0,1.5,0.625,24,0.517,0.5,"C"
6.7,15.5,2.4,0.6,1.4,0.769,25,0.399,0.7,"SG"
6,15.5,2,1.4,0.6,0.898,23,0.393,0.6,"SG"
8,20.3,3,0,1.9,0.721,23,0.497,0.6,"C"
5.3,15,2.3,0,0.7,0.725,28,0.5,0.3,"C"
10.7,28.5,3.8,1.7,1.3,0.847,24,0.468,1.2,"SG"
0.8,6.8,0.2,0,0.4,0.556,29,0.214,0.5,"SF"
6.5,20.1,2.7,0.3,0.8,0.67,29,0.576,1.8,"PF"
1.3,6.6,0.4,0,0.6,0.727,34,0.357,0.7,"C"
13.6,29.7,6,0,1.7,0.386,23,0.53,1.1,"C"
7.6,26.3,2.9,0.8,0.9,0.706,33,0.528,3.4,"SF"
6.6,30.1,2.7,0.6,0.6,0.423,25,0.464,1,"SF"
2.9,21.6,1.4,0,0.1,0.273,32,0.469,1.8,"C"
5.9,20.5,1.6,0.6,2.1,0.763,22,0.325,2.8,"PG"
2.6,9,1.1,0.1,0.2,0.643,27,0.387,0.3,"PF"
23.6,37.2,8.6,1.3,5,0.76,21,0.452,2.3,"SF"
28,36.1,10.3,0.5,6.9,0.802,23,0.505,2.1,"C"
5.5,14.6,2,0.8,0.7,0.919,31,0.389,0.5,"SG"
7.1,22.7,2.4,1.4,0.9,0.744,31,0.442,1.2,"PF"
4.9,15.5,1.9,0,1.1,0.84,30,0.513,0.4,"C"
8.4,25.9,3,1,1.4,0.892,31,0.44,1.3,"SG"
12,27.8,4.4,1.5,1.8,0.691,24,0.442,2.8,"SG"
16.3,33.4,6.5,2,1.2,0.731,26,0.463,2.2,"SG"
8.1,19.3,3,1.1,1.1,0.753,23,0.43,0.8,"SG"
5.8,14.4,2.4,0.3,0.8,0.941,34,0.467,3.4,"PG"
6,22.1,2.2,0,1.5,0.534,24,0.528,0.9,"C"
21.6,34,7.9,0.6,5.2,0.76,27,0.493,4.9,"PF"
5.5,8.4,2.1,0,1.3,0.81,28,0.545,0.3,"C"
2.5,4.9,0.9,0.6,0.1,1,32,0.383,0.6,"PG"
6.8,15.6,2.9,0.5,0.6,0.661,21,0.488,0.5,"PF"
13.7,25.7,4.6,1.8,2.7,0.893,27,0.445,1.4,"SF"
4.6,17.6,2,0.3,0.4,0.743,34,0.446,2.3,"PF"
23.1,34.9,8.3,2.9,3.7,0.825,23,0.482,3.5,"SG"
6.8,16,3,0,0.8,0.657,29,0.615,0.5,"PF"
5.6,11.1,2.1,0,1.5,0.875,31,0.575,0.4,"PF"
9.4,28.8,3.5,0.7,1.7,0.621,19,0.402,2.1,"SF"
7.1,22.2,2.4,1,1.4,0.75,27,0.359,4.9,"PG"
11,21.1,3.9,0.8,2.4,0.857,25,0.398,2.4,"SG"
4.2,21.9,1.5,0.9,0.3,0.722,31,0.374,1,"SG"
3.5,10.1,1.1,0.4,0.8,0.846,31,0.377,1.3,"PG"
20.5,29.6,7.4,1.8,3.9,0.81,28,0.474,2.3,"C"
2.6,7.9,1,0.5,0.1,0.833,23,0.364,0.6,"SG"
10.6,23,4,1.8,0.8,0.842,24,0.426,1.5,"SG"
10.7,23.4,3.7,2.2,1.1,0.903,29,0.434,0.6,"SF"
4.5,16.3,1.5,0.5,0.9,0.864,32,0.387,1.8,"PG"
1,4.9,0.4,0.1,0.1,1,26,0.258,0.5,"SG"
5.2,14.9,2.1,0.9,0.2,0.625,22,0.332,1.8,"PG"
8.2,21.7,3,1,1.2,0.72,22,0.45,1.9,"SF"
22.4,34.3,8.1,2,4.1,0.833,32,0.433,2.9,"SF"
6.2,19.9,2.2,0.7,1,0.814,28,0.338,1.6,"SF"
9.1,18.9,3.2,1.9,0.9,0.851,33,0.458,0.6,"C"
5.1,11.7,2.1,0,0.9,0.714,20,0.474,0.2,"PF"
2.8,10.4,1,0,0.8,1,20,0.714,0.6,"C"
2.3,9.5,0.8,0,0.8,0.714,38,0.409,0.4,"C"
2.3,5,1,0.1,0.2,0.6,21,0.5,0.1,"PF"
18.1,31.5,6.1,2,3.8,0.892,31,0.476,9.2,"PG"
2.7,8.2,0.9,0,0.8,0.733,21,0.522,0.2,"PF"
23,35,8.7,2.3,3.4,0.912,25,0.48,3.6,"SG"
12.6,23.9,5.6,0,1.4,0.531,22,0.643,1,"C"
10.3,27.8,4.1,0,2.1,0.679,24,0.571,1.6,"C"
1.7,8.6,0.7,0,0.2,0.682,28,0.523,0.4,"C"
4.5,15.6,1.8,0.3,0.6,0.735,30,0.422,1.2,"SF"
9.3,25,3.7,0.6,1.2,0.77,25,0.452,3.3,"PG"
10.8,31.9,4.2,1.4,1.1,0.867,31,0.456,2.3,"SG"
4.8,15.8,1.9,0,0.9,0.645,24,0.579,0.6,"C"
15.6,28.7,5.6,2.1,2.3,0.782,20,0.405,4.8,"PG"
7.9,19.7,2.5,1.2,1.7,0.814,29,0.377,2.7,"PG"
1.9,8.5,0.8,0,0.3,0.3,21,0.5,0,"C"
27,35.9,8.8,2.9,6.5,0.895,26,0.444,5.9,"PG"
1.3,3.9,0.6,0,0,0,23,0.444,0.2,"C"
18.2,33.9,5.3,2,5.5,0.902,28,0.447,2.1,"SF"
7.3,26.6,2.6,1.7,0.4,0.844,29,0.392,1.8,"SG"
6.6,25,2.6,1.1,0.2,0.593,29,0.485,0.6,"PF"
6.2,18.6,2.3,0.7,0.9,0.795,21,0.427,1.7,"PG"
12.8,26.3,4.7,1.3,2.1,0.782,22,0.411,2.2,"PF"
6.4,15.6,2.3,1.3,0.5,0.864,28,0.442,1,"PF"
13.2,30.3,5,1.1,2.2,0.86,29,0.476,4.6,"PG"
3.3,9.8,1.2,0.3,0.5,0.75,23,0.373,0.8,"SG"
7.3,18.7,3.1,0,1,0.708,33,0.59,1.6,"PF"
4.6,12.6,2,0,0.6,0.768,36,0.536,2.2,"C"
4.5,12.1,1.5,1,0.4,0.824,24,0.44,0.7,"PF"
2.7,9.8,1.2,0,0.2,0.375,22,0.48,0.7,"SF"
12.7,31.7,5.1,0,2.5,0.482,28,0.714,1.2,"C"
2.5,12.5,0.9,0.3,0.4,0.625,28,0.387,0.9,"SG"
3.4,8.5,1.3,0.2,0.6,0.7,20,0.431,1.3,"PG"
5.6,16.5,1.8,0.4,1.6,0.764,24,0.422,2.1,"PG"
27.3,35.4,9.7,0.4,7.4,0.842,27,0.467,3.9,"SG"
27,34.2,9,1.8,7.2,0.772,26,0.452,4.6,"C"
8.9,26.1,3.1,1.5,1.2,0.761,30,0.4,1,"SF"
2,3.4,0.6,0.2,0.6,0.5,22,0.75,0.6,"PG"
17.9,31.5,6.9,1.3,2.8,0.855,23,0.451,6.3,"PG"
5.1,17.1,1.8,1.3,0.2,0.778,23,0.354,1.1,"SG"
11,25.9,4.1,1.3,1.4,0.826,32,0.438,5.6,"PG"
9.5,23.7,4.1,0.1,1.3,0.615,25,0.487,1.1,"PF"
5.3,17,2.1,0.1,0.9,0.707,19,0.562,0.4,"SF"
18,32.5,7.2,0.2,3.5,0.874,28,0.471,4.4,"PG"
6.1,16.1,2.2,0.6,1.2,0.652,25,0.443,0.6,"PF"
22.1,35,7.8,1.9,4.7,0.832,20,0.423,3.4,"SG"
6.7,16.7,2.1,0.9,1.6,0.829,33,0.399,2.1,"PG"
5.1,17.5,2.1,0,0.9,0.699,27,0.622,0.6,"C"
1.6,6.6,0.7,0,0.3,0.556,20,0.511,0.1,"C"
1.4,3.4,0.4,0,0.6,1,19,0.231,0,"C"
15.8,30.1,6.1,1.8,1.8,0.646,25,0.424,4.3,"SG"
14.2,26.4,5.5,1.5,1.8,0.875,38,0.437,1.5,"PF"
5.9,20.1,2.4,0.6,0.5,0.657,20,0.399,1,"PF"
4.4,14.1,1.7,0.3,0.7,0.51,26,0.413,0.9,"PF"
4.3,20.3,1.5,0.7,0.6,0.754,23,0.372,0.8,"PF"
9,22.8,3.4,1.2,1.1,0.845,25,0.447,0.9,"SF"
3.4,13.3,1.3,0.7,0.1,0.364,19,0.354,0.5,"PF"
10.2,32.5,3.6,1.1,2,0.709,26,0.418,7,"PF"
13.5,29.7,5.2,0,3.1,0.533,31,0.633,1.4,"C"
6.7,17.3,2.5,0.3,1.4,0.759,25,0.515,0.6,"C"
18.3,29.9,6.9,0.8,3.7,0.794,35,0.434,3.8,"SG"
9.6,24.9,3.9,1.1,0.8,0.77,27,0.457,2.2,"SG"
4.3,17.2,1.6,0,1.1,0.617,27,0.528,0.6,"PF"
12.8,29.4,5.2,0.5,1.8,0.692,22,0.471,6.5,"PG"
11,25.6,3.8,1,2.4,0.784,20,0.377,3.9,"PG"
14.3,21.3,5.6,0.1,3.1,0.786,24,0.545,0.9,"C"
21.1,33,6.8,1.6,5.9,0.847,27,0.434,6.3,"PG"
16.2,31,5.5,3.3,2,0.84,28,0.406,2.5,"SG"
13.1,26.1,4.7,1.7,2,0.778,29,0.431,1.7,"PF"
17.2,32.9,6,1.9,3.3,0.805,24,0.439,3,"SG"
9,25.5,3.6,0.5,1.3,0.825,28,0.426,3.2,"SF"
11.7,26.1,4.3,1.5,1.6,0.756,23,0.399,2.2,"C"
2.9,7.9,1.1,0.3,0.5,0.818,22,0.351,0.9,"PG"
7.8,26.6,2.8,1.3,0.9,0.784,30,0.424,2.6,"SG"
14.9,31.3,5.6,1.9,1.8,0.776,22,0.502,2.9,"SG"
16.9,31.5,5.9,1.9,3.2,0.801,30,0.477,4.2,"PG"
0.9,4,0.4,0,0.1,1,23,0.25,0.2,"PF"
5.6,16.1,2.5,0,0.5,0.857,19,0.549,0.9,"C"
5.6,11.4,2,0.8,0.7,0.805,31,0.409,0.7,"SF"
9.2,23.2,3.3,0.8,1.8,0.806,29,0.423,1.6,"SG"
22.9,35.6,8.2,0.6,5.9,0.77,22,0.521,5.4,"SF"
6.1,20.7,2.3,0.7,0.8,0.711,23,0.467,0.7,"SF"
20.3,33.7,7.3,1.6,4.1,0.79,30,0.475,5.8,"PG"
21.9,34.5,7.5,2,5,0.844,26,0.471,3.5,"SF"
10,32.4,4,0.2,1.7,0.814,27,0.502,1.9,"PF"
11.7,22.5,4.8,0,2.2,0.741,26,0.533,2.3,"C"
19.2,35.5,7.6,1,3.1,0.861,24,0.468,1.5,"PF"
17,32.6,7,0,2.9,0.628,27,0.557,0.7,"C"
3.2,7.7,1.2,0.5,0.2,0.5,20,0.359,0.4,"PF"
6.8,14.8,2.7,0.8,0.6,0.759,25,0.487,1.2,"SG"
5.6,17.9,2.1,0,1.4,0.573,30,0.586,0.6,"C"
7.5,25.5,2.6,1.2,0.9,0.789,26,0.411,1.4,"SG"
4.6,15.2,1.6,0.6,0.8,0.909,25,0.364,0.9,"SG"
28.9,33.8,9,3.2,7.8,0.909,27,0.463,5.9,"PG"
7.4,22.5,2.8,0.6,1.2,0.805,21,0.402,2.6,"PG"
9.4,24.1,4.1,0.3,0.9,0.706,28,0.439,5.2,"PG"
7.5,16,3.3,0,0.8,0.653,19,0.529,0.8,"C"
10.9,22,4.1,1.5,1.3,0.863,32,0.414,5.5,"PG"
15,28.2,5.1,2.6,2.3,0.891,32,0.445,1.4,"SG"
8.6,29,3,2.3,0.2,0.667,31,0.346,1.5,"SG"
20.1,33.9,7.8,1.3,3.2,0.743,21,0.49,2.8,"PF"
13.9,32.4,4.6,2.2,2.4,0.811,26,0.463,2.2,"SF"
11.8,22.7,4.8,0,2.1,0.671,21,0.514,1.2,"C"
2.2,7.1,0.7,0.4,0.4,0.765,22,0.292,0.3,"SF"
3.1,11.6,1.2,0,0.6,0.544,21,0.583,0.2,"C"
12.3,26.3,4.4,1.4,2.1,0.857,36,0.413,2.6,"SG"
9.9,21.5,3.6,1.4,1.3,0.883,19,0.404,2.1,"SG"
9.2,27.3,3.6,1.4,0.6,0.714,34,0.444,5.1,"PG"
6.7,23.5,2.3,0.8,1.3,0.782,26,0.455,1,"SF"
29.1,36.4,8.3,3.2,9.2,0.847,27,0.44,11.2,"PG"
12.8,27.4,4.8,1.1,2,0.707,29,0.479,3.6,"PF"
2.8,7.9,0.9,0.6,0.3,0.65,36,0.478,0.3,"SF"
2.8,8.8,1.2,0,0.4,0.5,24,0.53,0.3,"PF"
2.3,7.6,0.9,0.4,0.2,0.667,21,0.431,0.1,"SG"
8.9,27.3,3.2,0.7,1.7,0.802,26,0.5,1.1,"PF"
6.8,21.3,2.5,1.2,0.7,0.662,31,0.454,1.9,"PF"
3.4,10.7,1.4,0.3,0.4,0.5,24,0.319,0.3,"PF"
3.9,13.3,1.4,0.2,1,0.8,22,0.384,0.2,"PF"
5.7,14.4,2.4,0.5,0.5,0.686,30,0.529,0.5,"C"
4.1,18.4,1.4,1,0.3,0.828,39,0.432,1.3,"SG"
6.1,9.6,2.7,0,0.7,0.505,29,0.652,0.2,"C"
6.6,17.2,2.5,0.6,1.1,0.685,20,0.454,0.8,"SF"
9.2,22.2,3.2,0.8,2.1,0.863,30,0.394,1.2,"PF"
15.3,32.4,4.9,1.1,4.4,0.867,28,0.442,7.8,"PG"
2.9,8.5,1.1,0,0.7,0.75,26,0.534,0.1,"C"
5.5,19.1,1.9,0.5,1.1,0.612,22,0.463,0.6,"PF"
9.7,18.4,3.6,0.7,1.8,0.853,24,0.46,1.2,"SG"
14.5,24.5,4.9,1.6,3.2,0.816,28,0.438,5.1,"PG"
5.9,16.3,2,0.8,1,0.89,24,0.425,1.9,"PG"
11,23.7,3.7,0.7,3,0.9,28,0.344,4.3,"PG"
23.9,37,7.5,1.2,7.7,0.865,27,0.455,5.5,"SF"
5,22.1,2.2,0,0.7,0.436,31,0.49,2.2,"C"
9.1,20.5,2.9,1.6,1.8,0.878,29,0.402,1.3,"SG"
8.2,21.9,3,1.6,0.7,0.714,25,0.425,1,"SG"
7.1,24,2.5,1.5,0.6,0.735,29,0.452,2.7,"SF"
9.2,23.6,3.5,1.4,0.8,0.818,35,0.436,1.8,"SF"
2.1,4.1,0.8,0.2,0.3,0.733,24,0.361,0.5,"PG"
1.8,4.4,0.8,0.1,0.3,0.5,23,0.563,0.2,"PF"
20.2,25.4,6.5,1.2,6.2,0.783,22,0.466,2.1,"C"
5.4,14,2.1,0.5,0.7,0.63,25,0.44,1,"PF"
6.8,19.4,2.7,0,1.3,0.692,26,0.515,1,"C"
1.8,3.3,0.5,0.3,0.5,1,25,0.4,0.3,"SG"
23.1,36.4,8.3,1.1,5.4,0.801,26,0.451,10.7,"PG"
10.2,25.9,4.1,0.7,1.3,0.867,27,0.48,1.5,"PF"
3.8,15.8,1.5,0.6,0.3,0.703,29,0.435,0.9,"PF"
12,25.8,4.9,0,2.2,0.811,24,0.557,0.7,"C"
6.2,17.8,2.3,0.4,1.3,0.75,27,0.42,1.6,"SG"
14.7,29.2,5.8,1.4,1.6,0.798,24,0.445,2.6,"SG"
1.7,6.7,0.7,0,0.3,1,29,0.385,0,"C"
4.4,10.4,1.6,0.5,0.7,0.794,25,0.387,0.5,"SG"
1.5,5.6,0.6,0,0.3,0.571,22,0.441,0.3,"PF"
3.4,13.1,1.3,0.5,0.3,0.917,35,0.41,2.1,"PG"
7,15.5,3,1,0,0,25,0.545,1.5,"PF"
4.9,17.3,2,0.6,0.3,0.667,29,0.373,2.3,"PF"
10.2,30.5,3.8,1.4,1.1,0.779,23,0.394,2.6,"SG"
15.4,32.7,6,1.5,1.8,0.708,26,0.454,7.3,"PG"
4.9,13.6,1.6,0.7,0.9,0.75,21,0.451,0.5,"PF"
13.2,28.8,5.1,0.2,2.8,0.723,22,0.488,3.6,"PF"
7.1,16.4,2.5,0.8,1.4,0.791,23,0.424,0.9,"SF"
6.9,18.4,2.7,0.9,0.6,0.75,26,0.459,0.9,"C"
7.7,20,2.8,1.2,0.8,0.825,27,0.433,1.2,"SG"
10.9,34.7,4.4,0.4,1.6,0.617,20,0.356,3.7,"SF"
10.2,21.4,4.2,0,1.8,0.571,22,0.507,1.9,"C"
4.2,10.3,1.6,0.4,0.7,0.842,23,0.456,0.3,"SF"
25.1,37,9.8,1.2,4.3,0.832,21,0.542,2.7,"C"
25.5,33.4,8.6,2,6.3,0.88,25,0.485,3.5,"SF"
4,9.2,1.5,0.2,0.8,0.714,21,0.392,1.4,"PG"
9,20.5,3.5,0.9,1.2,0.732,25,0.512,2,"C"
23.2,34.7,8.1,3,3.8,0.847,26,0.444,5.5,"PG"
9.6,21.2,3.7,0,2.1,0.693,27,0.548,0.9,"PF"
11,26.9,4,1.3,1.6,0.708,27,0.409,2.4,"SF"
13.8,33.3,4.9,2,2,0.832,23,0.399,2.5,"SG"
25.1,33.4,8.9,1.9,5.4,0.875,28,0.537,4.8,"PF"
19,31.4,6.2,2.4,4.3,0.871,28,0.427,1.9,"PF"
4.7,11.4,2.2,0,0.3,0.636,27,0.551,0.5,"PF"
2.5,8.4,1.1,0,0.4,0.618,20,0.523,0.5,"C"
14.7,30.7,5.2,1.6,2.8,0.88,25,0.45,3.4,"SF"
22.3,34,8.3,3.4,2.4,0.853,26,0.468,2.1,"SG"
6.6,20,3,0,0.5,0.613,27,0.551,0.7,"C"
3.8,17.1,1.5,0.3,0.5,0.61,22,0.377,2.4,"PG"
4.6,12.3,1.6,0.3,1.1,0.78,31,0.407,0.5,"PF"
18.1,32.8,6.7,1.7,3,0.786,21,0.45,1.5,"PF"
3.4,14.2,1.3,0.2,0.6,0.789,23,0.445,1.3,"SF"
10.1,26.2,3.6,2.4,0.6,0.905,35,0.464,1.6,"SG"
22.4,37.4,7.1,3.2,5,0.819,30,0.464,7,"PG"
6.3,15.6,2.7,0,0.8,0.771,26,0.521,1.5,"C"
2.8,12,1.1,0.2,0.4,0.765,28,0.41,0.3,"SF"
0.9,3.1,0.3,0.3,0.1,0.5,24,0.286,0.1,"PF"
25.2,35.1,9.3,2.5,4.1,0.905,24,0.473,5.8,"PG"
17.3,32.4,6.9,0.3,3.1,0.812,31,0.477,1.9,"PF"
6,21,2.1,0.8,0.9,0.843,28,0.398,0.8,"PF"
7.9,20.2,2.8,1.6,0.7,0.797,25,0.38,1.3,"PG"
2.9,14.3,1.3,0,0.4,0.697,27,0.458,0.9,"PF"
6.3,14.4,2.6,0.5,0.6,0.889,34,0.439,1.2,"SG"
26.4,37.8,9.9,1.7,4.8,0.674,32,0.548,8.7,"SF"
17.5,24.6,5.3,2,5,0.88,30,0.429,3,"SG"
6.1,22.3,2.4,0.5,0.7,0.678,30,0.505,0.5,"SF"
4.4,19.1,1.8,0.1,0.8,0.657,24,0.66,0.7,"C"
5.1,12.8,2,0.5,0.7,0.676,36,0.47,1,"PF"
4.8,15.7,1.7,1.3,0.2,0.733,27,0.402,0.5,"SF"
7.6,26.5,2.9,0.9,0.8,0.73,31,0.387,1.3,"SF"
3.6,9,1.3,0.4,0.7,0.789,21,0.412,0.5,"SG"
10.2,26.4,3.9,1,1.5,0.865,24,0.457,4.2,"SG"
5.4,17.1,2,0.4,1,0.806,27,0.374,2.6,"PG"
3.8,7.5,1.5,0.4,0.4,0.8,20,0.452,0.5,"SG"
7.5,18.7,2.5,1.3,1.2,0.804,39,0.39,2.7,"SG"
19.5,34.2,7.2,1.4,3.8,0.837,32,0.459,4.6,"C"
2.7,10.3,1.1,0.2,0.4,0.529,33,0.368,2.3,"PG"
10.8,31.2,4.8,0,1.3,0.648,32,0.579,1.5,"C"
10.5,24,3.6,1.4,2,0.893,30,0.429,2,"SG"
14,32.5,5.3,1.5,1.8,0.784,27,0.418,2,"SF"
10.6,30.4,3.4,1.2,2.6,0.812,22,0.359,4.6,"SG"
6.6,17.4,2.5,0.8,0.7,0.852,29,0.4,1.2,"SG"
4.9,14.8,1.8,0.7,0.6,0.8,21,0.355,1,"SF"
14,31.2,5.3,0.9,2.4,0.837,27,0.457,1.7,"PF"
9.2,21.3,3.5,0.9,1.4,0.624,19,0.449,0.7,"PF"
8.7,15.7,3,1.3,1.5,0.876,29,0.445,0.8,"C"
1.9,8.1,0.8,0,0.4,0.421,24,0.533,0.5,"C"
11.2,30.2,3.9,1.6,1.7,0.873,30,0.422,1.4,"PF"
10.4,26.5,4.1,0,2.1,0.58,26,0.536,3.5,"C"
7.1,24,2.5,1.2,0.9,0.787,36,0.391,2.6,"SF"
7.6,26.1,2.7,1,1.1,0.854,26,0.39,4.7,"PG"
10,28.9,4.1,0.9,1,0.621,23,0.503,1.1,"SF"
3.1,10.3,1.2,0,0.6,0.731,24,0.453,0.3,"PF"
2.3,6.4,0.8,0.4,0.4,0.625,37,0.279,0.4,"SF"
5.4,16.5,2,1,0.5,0.875,24,0.386,1,"PF"
9.4,16.7,3.9,0.3,1.4,0.743,28,0.532,0.9,"PF"
6.6,18.8,2.5,0.3,1.3,0.753,25,0.366,2.5,"PG"
0.4,3.6,0.1,0,0.2,1,24,0.1,0.2,"SG"
9.2,29,3.6,0,1.9,0.784,23,0.477,1.4,"SF"
20.5,33.2,6.7,2.5,4.6,0.859,29,0.46,6.3,"PG"
5.2,15.9,1.8,1,0.7,0.8,36,0.423,0.9,"SF"
1.4,7.6,0.5,0.4,0.1,1,36,0.391,1.1,"SF"
6.2,17.7,2.4,0.7,0.7,0.766,25,0.504,1.4,"C"
2.5,10.8,0.9,0.2,0.4,0.875,28,0.288,0.9,"PF"
2.5,10.8,1,0,0.6,0.641,28,0.478,0.5,"C"
6.3,14.9,2.3,0.8,0.8,0.809,27,0.428,1,"SF"
6.4,16.2,2.2,1.5,0.5,0.778,31,0.373,0.7,"PF"
8.5,27,3.3,0.6,1.3,0.727,31,0.443,3.2,"SG"
9.1,18.3,3.9,0,1.3,0.628,23,0.652,1.1,"C"
14.5,31.4,5.5,0.5,3,0.809,20,0.511,1.3,"C"
6.2,18.3,2.3,0.9,0.7,0.738,28,0.424,1.2,"PF"
8.7,20.5,3.6,0,1.5,0.694,22,0.595,1,"C"
1.7,6.4,0.7,0,0.3,0.625,36,0.609,0.6,"PF"
13.2,25.9,4.5,2.8,1.3,0.856,31,0.43,1,"SG"
15.1,34,5.1,1.8,3.2,0.856,28,0.403,5.9,"SG"
2.8,9.6,1,0.5,0.3,0.773,23,0.369,0.9,"SG"
9.5,27.4,3.1,1.7,1.5,0.813,23,0.396,2.4,"SG"
16.7,27.9,6.8,0.6,2.6,0.825,21,0.578,4.9,"C"
10.6,24,3.7,1.8,1.4,0.773,25,0.413,1.1,"PF"
14.6,28.8,6.4,0.3,1.4,0.669,26,0.468,2.8,"C"
4.4,17.1,1.8,0.1,0.8,0.638,21,0.481,0.4,"PF"
8.4,18,3,0.7,1.7,0.792,23,0.449,1.1,"SG"
2.7,15.5,1,0,0.7,0.59,30,0.477,0.5,"C"
5.2,17.9,2.1,0.4,0.5,0.586,28,0.47,1,"PF"
13.4,32.6,5.2,1.9,1.2,0.832,23,0.516,1.5,"SF"
6.7,27.6,2.5,0.9,0.9,0.774,31,0.413,1.2,"SF"
4.2,15.6,1.9,0,0.4,0.688,22,0.502,0.3,"PF"
2.5,8.1,0.9,0.4,0.2,0.778,24,0.514,0.7,"SG"
9.5,30.7,3.4,1.6,1.1,0.768,28,0.42,4.2,"SG"
4,15.1,1.5,0.6,0.4,0.784,21,0.433,1.1,"SG"
6.8,24.6,2.4,1.4,0.7,0.717,27,0.401,1.2,"PF"
9.5,21.9,3.4,1.8,0.8,0.825,28,0.44,3.5,"PG"
12.4,25.4,4.7,0.9,2,0.707,36,0.502,2.3,"C"
23.7,35.9,8.3,2.6,4.5,0.898,26,0.461,3.3,"SF"
18.1,34,6.2,1.1,4.5,0.768,31,0.442,3.7,"PF"
3.2,11.1,1.1,0.6,0.4,0.769,39,0.4,0.4,"SF"
5.5,19.2,2,0.8,0.7,0.775,22,0.398,0.8,"SF"
4.4,10.5,1.6,0.4,0.8,0.857,25,0.333,2.4,"PG"
5.8,14.7,1.8,1,1.2,0.75,26,0.412,0.5,"PF"
7.8,26.7,3.3,0.7,0.4,0.6,30,0.408,6.7,"PG"
2,7.6,0.7,0,0.7,0.724,25,0.442,0.1,"PF"
6.2,16.2,2,0.4,1.8,0.771,30,0.38,2.6,"PG"
5.2,18.6,1.7,1,0.8,0.857,33,0.363,2,"SG"
3.5,11.2,1.4,0.6,0,0.4,20,0.365,0.6,"SG"
2.5,8.7,1,0.3,0.2,0.889,24,0.451,0.9,"PG"
6.7,21.3,2.8,0.6,0.6,0.781,32,0.43,2.4,"PG"
4.5,15.1,1.7,0.9,0.2,0.714,25,0.422,0.9,"SF"
14.5,27.4,5.5,1.3,2.3,0.868,26,0.419,5.2,"PG"
5.7,20.4,1.9,0.8,1,0.741,36,0.446,1,"SF"
9.8,20.9,4,0.5,1.3,0.699,23,0.558,1,"C"
11.1,32.9,3.5,0.8,3.4,0.891,26,0.402,9.1,"PG"
12.9,31.6,4.4,2,2.1,0.822,26,0.399,1.5,"SF"
10.4,28,4.7,0,0.9,0.721,28,0.493,1,"C"
12.7,27,4.6,1.9,1.5,0.783,24,0.408,1.6,"SG"
6.4,25.2,2.4,0.9,0.6,0.62,25,0.413,1.6,"SG"
7.2,17.8,2.3,0.5,2.1,0.748,30,0.373,2.2,"PG"
4.1,16.5,1.6,0.4,0.5,0.651,23,0.378,2.1,"SG"
8.7,22.6,3,0.2,2.4,0.751,22,0.434,2,"SF"
4.6,14.2,1.7,0,1.3,0.813,30,0.544,0.4,"C"
18.7,33.8,6.7,1.4,3.9,0.855,30,0.455,2.8,"SF"
14,33.9,5.1,0,3.8,0.653,24,0.661,1.2,"C"
31.6,34.6,10.2,2.5,8.8,0.845,28,0.425,10.4,"PG"
13.6,29.4,4.5,2.8,1.8,0.86,28,0.418,0.9,"PF"
1.6,6.9,0.5,0.3,0.3,0.833,25,0.286,0.5,"PF"
2.9,12.4,1.2,0,0.5,0.59,30,0.642,0.2,"C"
6.5,18.4,2.6,0.8,0.5,0.559,22,0.473,1,"PF"
3,9.7,1,0.5,0.4,0.708,32,0.309,1.2,"SG"
13.1,25.1,4.4,1.5,2.9,0.843,27,0.415,2.2,"SG"
2.9,15.2,1.2,0.2,0.3,0.548,24,0.345,2,"PG"
14.8,30.7,6,1.6,1.4,0.856,27,0.48,0.9,"PF"
7.8,22.3,3.1,1.4,0.3,0.667,30,0.392,5.1,"PG"
12.8,29,4.8,2,1.2,0.85,26,0.481,2.7,"PG"
9.9,19.4,3.7,0.6,1.9,0.774,24,0.482,0.4,"SF"
4.1,9.7,1.4,0.6,0.7,0.776,25,0.399,1.3,"PG"
5.1,17.7,2.3,0,0.6,0.7,31,0.547,1.8,"PG"
3,9.6,1,0.2,0.8,0.852,24,0.4,0.5,"SG"
7.8,21.9,3.1,0.7,1,0.688,26,0.446,2.8,"PG"
8.8,18.5,3.5,0.1,1.6,0.703,20,0.537,0.8,"PF"
7,29.7,2.3,1.2,1.3,0.805,25,0.383,1.8,"SF"
7.3,22.6,2.3,0.6,2.1,0.792,23,0.444,3.1,"PG"
6.2,14.8,2.5,0.5,0.8,0.846,28,0.484,1.5,"PF"
4.4,17.8,1.7,0.6,0.5,0.679,20,0.353,1.4,"SF"
25.3,33.4,8.5,4.1,4.1,0.898,28,0.468,6.6,"PG"
1.2,5.7,0.5,0,0.2,0.6,20,0.323,0.2,"C"
11.3,29.9,4.7,0,2,0.611,23,0.571,1.1,"C"
6.9,26.3,2.9,0.1,0.9,0.811,24,0.461,6.6,"PG"
14.4,31,6.1,0.4,1.8,0.773,23,0.495,1.1,"SF"
10.8,25.5,4.7,0,1.4,0.715,31,0.515,0.9,"PF"
5.7,16.3,2.2,0,1.2,0.752,25,0.51,0.6,"C"
10.8,23.5,4.3,0.4,1.9,0.606,25,0.47,1.1,"PF"
11,25.1,4.2,1.8,0.8,0.831,25,0.437,1.1,"SF"
5.5,17.1,2,0.8,0.7,0.773,22,0.367,1.8,"PG"
7.2,25.7,2.8,0.7,0.9,0.733,32,0.441,1.7,"SF"
11,30.2,4.9,0.6,0.6,0.523,28,0.527,1.6,"PF"
5,11.7,2.2,0,0.6,0.47,25,0.536,0.6,"PF"
4,9.9,1.5,0.5,0.6,0.653,19,0.459,0.4,"C"
4.9,9.5,1.8,0.3,1.1,0.818,32,0.452,0.5,"C"
7.1,23.5,2.5,0.6,1.5,0.76,26,0.403,5.2,"PG"
14.5,27.3,5.3,1.9,2.1,0.766,24,0.455,2.3,"SG"
1.9,5,0.8,0.3,0,0,22,0.448,0.7,"SG"
7.4,20.4,3.1,0,1.2,0.808,30,0.515,0.8,"C"
6.4,17.2,2.1,0.7,1.5,0.854,21,0.402,1.1,"SF"
16.1,31.3,6.2,1.3,2.3,0.841,24,0.481,1.7,"PF"
2.7,12.6,1.1,0.2,0.4,0.697,25,0.415,1.6,"SG"
9.1,27,3.9,0.2,1.1,0.615,35,0.461,1.4,"SG"
10.1,25.2,4.2,0.4,1.3,0.726,34,0.466,4.5,"PG"
8.5,29.2,3.1,1.8,0.6,0.81,25,0.455,1.2,"SG"
2.1,7,0.7,0.3,0.4,0.667,23,0.475,0.2,"SG"
11.7,34.7,4.1,2.4,1.2,0.738,31,0.409,2.2,"SF"
10,24.7,4.3,0.4,1,0.673,29,0.516,1.9,"PF"
5,12.3,2,0.5,0.4,0.759,24,0.455,1.8,"PG"
6.2,16.3,2.2,0.9,0.8,0.722,21,0.362,1,"PF"
8.1,29.9,3.4,0,1.4,0.498,25,0.6,1,"C"
8.2,17.7,2.8,2.1,0.6,0.796,25,0.374,0.7,"SG"
6.2,18.6,2.4,0.6,0.7,0.656,22,0.437,0.8,"SF"
9.9,25.1,3.4,0.5,2.5,0.797,29,0.454,4.8,"PG"
4.3,11.1,1.7,0.5,0.4,0.84,22,0.433,1.6,"PG"
13.7,29.8,4.9,1.3,2.7,0.768,24,0.433,3.2,"PG"
7.3,18.4,3,0.3,0.9,0.775,21,0.421,3.7,"PG"
3.5,10.3,1.5,0,0.4,0.564,27,0.494,0.8,"C"
10.3,19.7,3.8,1.1,1.7,0.75,27,0.405,3.1,"SF"
8.4,27.6,3.3,0,1.9,0.734,34,0.671,0.6,"C"
3.5,12.9,1.3,0.4,0.6,0.767,20,0.414,2.6,"PG"
1.9,8.1,0.7,0,0.6,0.6,36,0.478,0.4,"C"
15.9,33.2,6.1,1.9,1.7,0.753,24,0.442,2.6,"SG"
8,24.6,2.6,1.5,1.2,0.765,40,0.394,1.8,"SF"
3.2,12.3,1.1,0.1,0.9,0.838,20,0.313,1.8,"PG"
10.5,24.2,3.7,2.4,0.6,0.86,29,0.416,1.1,"SG"
2.7,11.9,1.1,0.4,0.2,0.647,29,0.365,0.3,"SF"
13.5,34.2,4.6,2.4,2,0.816,30,0.393,2.9,"SG"
13.7,28.4,4.9,1.5,2.4,0.753,26,0.443,3.4,"SG"
8.1,18.9,3.4,0,1.3,0.669,23,0.53,1.1,"C"
5.3,14.5,2.3,0,0.7,0.557,26,0.568,0.4,"C"
8.2,18.4,3.4,0.1,1.3,0.728,22,0.529,1.3,"C"
15.7,30.9,6.1,1.5,2,0.727,29,0.461,2,"SF"
18.9,37.2,6.9,2.6,2.5,0.836,21,0.459,3,"SG"
14.1,24.5,5.9,0.3,1.9,0.731,35,0.449,1.7,"PF"
6.1,18.1,2.3,0,1.4,0.778,32,0.534,1.9,"C"
2.3,5.9,0.9,0.3,0.3,0.727,33,0.406,0.6,"PG"
17.6,32.9,6.5,2,2.7,0.698,22,0.434,2.3,"PF"
3,10.9,1,0.5,0.5,0.59,24,0.336,0.5,"SF"
4.2,8.6,1.4,0.4,1,0.833,26,0.7,0,"PF"
9.3,30,3.3,1.8,0.9,0.738,27,0.395,1.2,"PF"
12.9,31.6,5.1,1.3,1.3,0.783,31,0.489,4.7,"C"
7,13.4,3.1,0,0.8,0.833,33,0.534,0.8,"C"
4,14,1.4,0,1.2,0.667,25,0.389,1.6,"PF"
7.7,16.5,2.7,0.7,1.7,0.863,26,0.411,1,"SG"
4.1,11.3,1.4,0.9,0.4,0.8,22,0.378,0.6,"PF"
4.7,15.1,1.5,1.1,0.5,0.848,24,0.395,0.4,"SG"
3.6,15.2,1.4,0.4,0.6,0.7,23,0.431,2,"PG"
8.5,20.2,3.1,0,2.3,0.684,24,0.566,1.2,"C"
1.5,3.8,0.6,0.2,0.1,0.667,25,0.533,0.1,"SF"
13.2,29.3,4.5,2.7,1.5,0.852,25,0.407,1.6,"SG"
4.6,15.8,1.9,0.1,0.7,0.612,30,0.538,1.6,"C"
15,33.7,6,0,3.1,0.605,24,0.529,3,"C"
6,25.3,2.3,0.5,0.9,0.632,34,0.463,3.3,"SF"
5,26.6,2.2,0.2,0.3,0.316,26,0.537,1.2,"SG"
1.5,9,0.7,0,0.1,1,33,0.68,0.6,"C"
9.5,23.7,3.2,0.8,2.2,0.78,23,0.422,3.2,"PG"
4.6,13.9,1.7,1.2,0.1,0.25,24,0.342,0.4,"SF"
17.7,36.3,6.9,1.4,2.5,0.643,22,0.438,2,"SF"
3.7,6.7,1.5,0,0.7,0.724,21,0.731,0.2,"C"
28.1,36.4,10.4,0.7,6.6,0.828,24,0.534,2.3,"PF"
8.9,22.2,2.8,2,1.3,0.797,32,0.464,1.1,"PF"
7.9,16.5,2.8,0.8,1.6,0.769,21,0.371,1.1,"SG"
1.4,7.2,0.5,0.2,0.2,0.667,23,0.381,0.1,"SG"
6,18.3,2.6,0,0.7,0.756,31,0.471,1.1,"C"
3.4,12.9,1.2,0.5,0.4,0.846,32,0.401,0.6,"SG"
15.1,33.7,5.6,2.2,1.7,0.642,25,0.424,4,"SG"
14.3,31.2,5.6,1.6,1.4,0.768,27,0.414,2,"SG"
6.9,19.8,2.5,0,1.9,0.721,20,0.512,1.5,"C"
7.5,19.5,2.8,1,0.9,0.828,24,0.421,0.9,"SG"
15.8,33.7,6.7,0,2.4,0.56,21,0.545,8.2,"PG"
5.7,18.2,2.2,0,1.2,0.65,25,0.52,0.8,"C"
21.4,34,7.5,1.9,4.5,0.785,28,0.438,5.8,"PF"
6,8.6,2,0,2,0.794,29,0.534,0.6,"C"
2.5,5.8,1,0.6,0.1,0.5,33,0.328,0.6,"PG"
13.2,22.5,5.2,1.1,1.6,0.769,22,0.471,1.7,"PF"
11.8,27.9,4.4,1.7,1.3,0.84,25,0.446,3.3,"SG"
14.3,30.8,5.1,1.9,2.2,0.868,28,0.474,1.5,"SF"
22.6,36.3,8.3,2.4,3.6,0.791,24,0.46,4.5,"SG"
5,13.6,2.1,0,0.8,0.636,30,0.578,0.5,"PF"
16.1,33.5,6.1,0.7,3.3,0.681,20,0.47,3.9,"SF"
2.3,9,0.9,0.2,0.3,0.512,26,0.433,0.6,"SG"
2.8,13.2,1.1,0.2,0.4,0.8,25,0.442,1.2,"PG"
2.4,5.4,1.1,0,0.2,0.6,23,0.476,0.1,"PF"
13,23.4,5,1.5,1.5,0.703,29,0.465,1.7,"C"
2.2,8.9,0.8,0.3,0.4,0.833,22,0.29,0.3,"SF"
6.9,19,2.6,1.1,0.6,0.667,24,0.421,1,"SG"
13.5,25.3,5.2,2.2,0.9,0.877,25,0.446,1.9,"SG"
10,19.1,3.2,2.3,1.2,0.835,30,0.379,0.8,"SF"
5.5,18.6,2.3,0.6,0.3,0.813,27,0.442,1.1,"SG"
2.3,7,0.9,0,0.4,0.667,20,0.4,0.5,"PF"
8.8,23.3,3.5,1.4,0.5,0.75,23,0.405,4.5,"PG"
12.1,26.3,4.5,1.2,1.9,0.711,23,0.435,4.2,"SF"
16.2,32.1,6.1,2.2,1.9,0.767,33,0.404,1.3,"PF"
3.9,11,1.5,0.5,0.4,0.565,22,0.484,0.7,"SF"
7.9,19.2,3,1.4,0.5,0.63,29,0.462,1.9,"SF"
5,13.1,2,0.7,0.3,0.895,34,0.491,0.7,"C"
0.5,2.9,0.2,0.1,0.1,0.5,23,0.143,0.1,"SG"
4.9,11.2,2,0,1,0.758,21,0.58,0.4,"PF"
2.4,4.7,0.9,0.1,0.5,0.643,22,0.429,0.2,"PF"
18.6,31.8,6.3,2.5,3.5,0.919,32,0.46,7.9,"PG"
21.4,36.1,8.2,2.3,2.6,0.836,26,0.443,3.4,"SG"
13.9,27.5,6,0,1.9,0.56,23,0.652,0.9,"C"
7.1,19,2.6,0.1,1.8,0.718,25,0.545,0.9,"C"
0.6,2.3,0.2,0,0.1,0.333,29,0.333,0.1,"C"
5.3,16.8,2,0.4,0.9,0.722,31,0.449,0.9,"SF"
7.9,27,3.1,0.8,0.9,0.745,26,0.424,3.2,"PG"
12,30.4,4.5,1.5,1.5,0.919,32,0.454,2.4,"SG"
5.6,17.8,2.3,0,1,0.667,25,0.591,1,"C"
15.5,25.7,5.8,1.9,2,0.74,21,0.414,5.2,"PG"
10.2,23.5,3.3,1.5,2.2,0.868,30,0.452,3.8,"PG"
1,3.2,0.4,0.1,0,0.5,21,0.563,0.1,"PF"
1.8,5.2,0.7,0,0.4,0.55,22,0.564,0.3,"C"
1.7,5.9,0.7,0,0.2,0.6,22,0.5,0.1,"C"
26.9,36.6,8.5,3.1,6.8,0.916,27,0.439,6.6,"PG"
1.7,8,0.7,0.2,0.2,0.75,38,0.333,0.5,"SF"
4.1,10.8,1.6,0.5,0.4,0.696,23,0.447,0.7,"SG"
5.3,14.9,2,0.3,1,0.753,25,0.541,0.9,"C"
15.3,32,4.9,1.7,3.9,0.931,29,0.398,2,"SF"
8.6,25.6,3.1,1.7,0.7,0.769,30,0.387,1.6,"SG"
5.7,21.4,2.2,0.8,0.4,0.596,30,0.451,0.7,"SF"
8.1,16.8,3,0.4,1.8,0.806,22,0.483,3.1,"PG"
6.6,17.5,2.4,0.7,1.1,0.806,24,0.434,1.1,"SG"
14.6,29.6,5.2,2,2.3,0.86,23,0.453,2.6,"PF"
7.8,23.7,2.6,1.8,0.7,0.866,27,0.444,1.4,"SF"
2.8,7.4,1.2,0.4,0.1,0.667,29,0.468,0.5,"PF"
12.4,29.2,4.6,1.4,1.8,0.882,30,0.495,5.3,"PG"
1.1,6.8,0.4,0,0.4,0.857,24,0.263,0.8,"SG"
7.9,23.5,2.9,0.3,1.9,0.655,25,0.478,1.5,"SG"
6.8,13.7,3,0,0.8,0.759,37,0.571,1.9,"C"
5.9,14.1,2.1,1.2,0.5,0.816,25,0.44,1,"PF"
3,11.5,1,0.5,0.4,0.667,22,0.289,0.6,"SG"
11.6,27.8,4.5,0.6,1.9,0.723,20,0.412,4.4,"PG"
5.2,17.5,2,0.4,0.7,0.576,23,0.414,1.9,"SF"
12,31.5,4.8,0,2.4,0.58,29,0.645,1.5,"C"
1.7,12.5,0.7,0.3,0,0.4,29,0.377,0.8,"SG"
8.1,21.5,3.3,0.1,1.3,0.709,21,0.443,2.9,"PG"
8,20.8,2.9,0.8,1.4,0.829,25,0.465,2.9,"PG"
23,33.9,8.1,1.1,5.8,0.825,28,0.456,5.2,"SG"
25.2,36.2,8.5,2.2,6.1,0.746,27,0.47,5.4,"C"
13.5,29.9,4.5,2,2.6,0.764,31,0.414,2,"PF"
1.1,5.3,0.5,0.1,0.1,0.5,23,0.389,0.6,"PG"
19.4,31,7.5,1.1,3.4,0.849,24,0.436,6.2,"PG"
15.2,29.7,5.9,1.5,1.9,0.694,20,0.395,5.2,"PG"
10.2,27.2,3.9,1.9,0.5,0.745,24,0.417,3.2,"SG"
12.3,28,5.1,0.2,1.8,0.651,26,0.563,1.3,"C"
3.1,12.3,1.1,0.2,0.8,0.667,20,0.396,0.5,"SF"
8.4,16.8,3.2,0.3,1.6,0.87,29,0.435,1.5,"PG"
1.8,9.2,0.5,0.4,0.4,1,22,0.32,1,"PG"
3.2,8.2,0.9,0.5,0.8,0.7,23,0.485,0.5,"PG"
24.9,34.5,8.4,2.7,5.4,0.878,21,0.432,4.7,"SG"
8.4,18.9,2.6,1.1,2,0.835,34,0.412,2.1,"PG"
10,24.9,4,0.8,1.1,0.779,28,0.524,1.5,"C"
5.8,15.2,2.6,0,0.6,0.667,21,0.608,0.6,"C"
11,28.7,4.1,1.1,1.5,0.747,22,0.44,1.6,"SF"
14.3,30.6,5.4,1.7,1.7,0.739,26,0.398,3.8,"SG"
12,24.7,4.5,1.8,1.3,0.898,39,0.456,1.6,"C"
11.6,24.5,4.6,0.2,2.3,0.75,21,0.514,2,"C"
20.5,33.4,7.5,2.4,3,0.805,21,0.437,3.7,"SG"
5.9,21.3,2.2,1,0.5,0.733,24,0.38,1.2,"PF"
7.8,21.8,2.9,1.1,0.8,0.79,26,0.467,1,"SF"
6.5,25.2,2.3,1.4,0.5,0.765,20,0.386,1.6,"PF"
11,32.7,4,1.1,1.9,0.775,27,0.454,7.3,"PF"
3.3,13.5,1.4,0.2,0.4,0.8,22,0.375,0.7,"SG"
7.4,14.7,2.8,0.5,1.2,0.878,28,0.414,2,"PG"
16.6,30.4,6.2,0,4.1,0.574,32,0.555,1.3,"C"
8.5,21.2,3.2,0.4,1.7,0.719,26,0.593,1.2,"C"
11.4,22.9,4.5,0.5,2,0.714,36,0.438,3.4,"SG"
12.5,31.5,5.2,1.6,0.6,0.706,28,0.508,2.3,"SG"
5.3,18.9,2.2,0,0.9,0.667,28,0.582,0.5,"C"
2.6,12.9,1,0,0.7,0.75,30,0.5,0.8,"C"
12.7,28.7,5.2,0.5,1.7,0.649,23,0.493,6.2,"PG"
8.6,19.5,3.2,0.7,1.5,0.76,21,0.388,3.2,"PG"
14.1,25.8,5.9,0,2.2,0.848,25,0.592,1.5,"C"
17.7,31.4,6.3,1.7,3.4,0.795,28,0.473,5,"PG"
18,31.2,6,3.2,2.8,0.809,29,0.428,2.2,"SG"
2.1,12,1,0,0.2,0.379,26,0.541,1.2,"PF"
10.9,25.1,4,1.3,1.5,0.778,30,0.452,1.3,"PF"
17.8,32.2,6.5,2.2,2.6,0.867,25,0.459,2.9,"SF"
8.2,25.7,3.3,0.5,1.2,0.85,29,0.447,2.2,"SF"
11.1,23.2,3.9,1.3,2,0.799,24,0.429,1.6,"PF"
5.9,21.9,2.3,0.6,0.6,0.721,19,0.364,3.2,"PG"
8.6,20,3.1,1.4,1.1,0.832,23,0.426,3.2,"PG"
1.6,5.7,0.6,0.4,0.1,0.5,20,0.286,0.3,"SG"
8.4,24.8,3.1,1.4,0.9,0.769,31,0.418,1.9,"SG"
17.5,34.4,6.6,2.3,2,0.827,23,0.485,2.9,"SG"
10,27,3.5,1.3,1.6,0.786,31,0.46,2.8,"PG"
12.1,22.7,4.1,2.7,1.2,0.85,32,0.407,0.6,"SG"
26.9,36.7,9.9,0.6,6.5,0.76,23,0.529,4.8,"PF"
4.1,14.7,1.6,0.6,0.4,0.818,24,0.424,0.7,"SF"
17.3,31.7,6.5,1.5,2.9,0.801,31,0.45,4.8,"PG"
5.9,16.9,2.4,0.2,1,0.775,28,0.479,0.9,"C"
10.3,20.4,4.3,0,1.7,0.739,27,0.565,2.2,"C"
2.4,7.1,0.8,0.4,0.5,0.682,22,0.426,0.5,"PF"
18.9,34.2,7,1.5,3.4,0.827,25,0.445,2,"PF"
14,25.3,5.8,0,2.4,0.703,28,0.54,1,"C"
4,8.7,1.4,0.5,0.7,0.862,21,0.363,0.5,"PF"
7.4,19.7,3,0.8,0.6,0.763,26,0.448,1.5,"SG"
4.8,14.9,1.8,0,1.2,0.703,31,0.556,0.7,"C"
1.2,2.7,0.4,0,0.5,0.833,19,0.444,0,"C"
4.4,19.7,1.6,0.5,0.8,0.733,27,0.379,1.2,"SG"
8.6,21.1,2.6,1.1,2.3,0.902,26,0.38,3.8,"PG"
4.4,13.3,1.8,0.1,0.7,0.667,23,0.458,0.9,"PF"
6.6,17.4,2.4,0.3,1.5,0.702,23,0.418,3.1,"PG"
15.2,26.9,4.9,1.7,3.7,0.893,28,0.373,4.8,"PG"
6.3,11.3,2.5,0.4,0.8,0.684,22,0.465,1.3,"PG"
10.9,24.9,4.7,0.4,1,0.698,29,0.486,4.4,"PG"
5.6,14.3,2.4,0,0.8,0.806,20,0.566,0.9,"PF"
3.7,9.5,1.4,0,0.9,0.765,20,0.5,0.6,"C"
11.6,23.2,4.4,1.7,1.2,0.784,33,0.439,6.3,"PG"
17.1,30.2,5.8,2.8,2.8,0.904,33,0.46,3,"SG"
8.3,28.1,3,1.8,0.5,0.696,32,0.403,1.8,"SG"
3,8.8,1.2,0.2,0.5,0.462,23,0.577,0.6,"SG"
12.6,24,5.2,1,1.3,0.741,22,0.482,1.9,"PF"
5.7,12.4,1.9,0,2,0.737,26,0.481,0.9,"PF"
0.8,6.6,0.2,0.2,0.2,0.5,23,0.25,0.4,"PF"
9.7,26.1,3.4,1.4,1.5,0.818,27,0.404,1.2,"SF"
6.3,12.6,2.8,0,0.8,0.724,22,0.558,0.4,"C"
4.7,15.6,2,0.2,0.5,0.625,24,0.543,0.4,"SF"
1,4.6,0.4,0.1,0.1,0.667,23,0.298,0.3,"SF"
6.9,18.6,3.1,0,0.7,0.594,22,0.659,0.7,"C"
4.6,11.3,1.6,0.6,0.8,0.632,24,0.382,0.3,"SF"
10.3,20.7,3.9,1.3,1.3,0.903,37,0.415,2.3,"SG"
16.7,31.7,5.9,2,2.8,0.905,20,0.451,3.4,"PG"
4.9,20.3,1.9,0.8,0.3,0.8,35,0.389,3.6,"PG"
5.1,18.6,2.1,0.5,0.5,0.583,25,0.392,1.2,"SG"
7.1,22.3,2.5,0.7,1.3,0.836,27,0.474,1,"SF"
30.4,35.4,9,3.7,8.7,0.858,28,0.449,8.8,"SG"
10.8,26.6,4.2,0.8,1.5,0.698,30,0.503,3.8,"PF"
2.7,6,0.7,0.7,0.7,1,25,0.286,0,"PF"
2.8,10.2,0.8,0.5,0.7,0.667,22,0.357,0.3,"SG"
7,18.3,2.5,1.8,0.1,0.5,27,0.469,0.7,"SF"
10.3,28,4.1,0.8,1.5,0.721,27,0.457,1.4,"PF"
3.2,14.3,1,0.6,0.6,0.771,32,0.393,1.6,"PF"
7.7,22.8,3,0.5,1.2,0.767,23,0.446,1,"PF"
8.2,20,3.3,0.1,1.6,0.776,19,0.589,0.7,"C"
7.5,25,3,0.4,1,0.84,34,0.427,5.6,"PG"
3.4,8.6,1.4,0.1,0.6,0.905,31,0.391,0.4,"C"
3.3,16,1.2,0.8,0.2,0.889,40,0.383,1.2,"SG"
4.8,9.5,2.1,0,0.6,0.731,30,0.621,0.5,"C"
4.8,16.2,1.9,0.3,0.8,0.776,21,0.352,2.1,"PG"
14.5,30.7,5.3,1.7,2.1,0.644,21,0.465,1.6,"SG"
13.9,30.5,5,1.3,2.7,0.826,19,0.475,1.6,"SF"
10.8,23.4,3.8,0.7,2.6,0.868,31,0.477,1.3,"PF"
14.2,33,5.1,1.2,2.9,0.845,29,0.446,7,"PG"
1.7,4.3,0.7,0.2,0.1,0.5,27,0.375,0,"C"
8.4,20.3,3,0.4,2,0.675,23,0.535,0.7,"PF"
12.9,24.6,4.8,1.2,2.2,0.861,25,0.457,2.3,"SG"
18,25,5,1,7,1,29,0.417,4,"PG"
8.4,22.8,2.8,0.8,1.9,0.745,25,0.416,4.6,"PG"
7.9,23.7,2.8,1.4,0.9,0.795,29,0.416,1.4,"SG"
22.2,36.7,7.4,1.2,6.2,0.854,28,0.474,4.9,"SG"
1.7,5.7,0.7,0,0.3,0.5,32,0.5,0.6,"C"
6.3,14.5,2,0.9,1.3,0.863,30,0.399,0.9,"SG"
10.8,25.3,3.9,1.9,1.1,0.827,26,0.491,1.6,"SG"
11.5,31.4,4.1,2.5,0.8,0.795,30,0.467,4.8,"SF"
6.8,21.9,2.7,0.7,0.7,0.889,36,0.406,1.5,"SF"
3.9,10.5,1.5,0.5,0.4,0.759,25,0.43,0.7,"PG"
1.5,6.3,0.5,0,0.5,0.5,24,0.5,0,"PF"
22.9,30.3,8.1,1,5.7,0.769,23,0.483,3.2,"C"
4.1,9.7,1.8,0,0.5,0.638,26,0.516,0.7,"C"
10.5,24.1,4.2,0.2,1.8,0.715,20,0.576,1.3,"PF"
8.8,25.9,3.8,0,1.2,0.57,27,0.572,1.5,"C"
2.3,7.3,0.7,0.5,0.4,0.692,29,0.288,0.2,"SF"
19.4,34.4,6.8,1.5,4.3,0.726,27,0.42,9.6,"PG"
8.7,16,3.6,0.1,1.4,0.536,22,0.533,0.6,"PF"
4.8,10.5,1.9,0.4,0.6,0.84,24,0.398,0.4,"PF"
5.4,17,1.9,0,1.6,0.867,28,0.417,0.6,"PF"
5.8,15.3,2.1,0.9,0.6,0.807,30,0.466,0.6,"PF"
12.7,22.4,5.1,0.4,2.2,0.806,25,0.568,1.1,"C"
5.4,19.9,2,0.6,0.7,0.76,20,0.379,0.7,"PF"
13.9,29.4,5.1,1,2.7,0.768,28,0.465,2.5,"SG"
4.6,14.2,2,0,0.5,0.682,23,0.627,1.8,"C"
13.9,23.3,5.3,1.4,1.9,0.8,25,0.451,2.7,"SG"
4,12.3,1.7,0.1,0.6,0.684,23,0.476,0.4,"PF"
4.5,16,1.6,0.8,0.4,0.8,36,0.503,2.1,"PG"
7.9,23.2,2.8,1.2,1,0.702,22,0.469,1.3,"SG"
2.3,14.2,0.9,0.5,0.1,0.3,26,0.33,0.3,"PF"
13.1,25.4,5.1,0.7,2.3,0.634,20,0.417,1.5,"SF"
2.6,12,0.8,0.4,0.4,1,28,0.326,3.2,"PG"
12.9,33.2,4.9,1.6,1.5,0.845,24,0.451,2.9,"SF"
19,36.1,7.6,1.5,2.3,0.786,27,0.494,6,"SG"
3.3,11.1,1.2,0.6,0.4,0.833,22,0.387,0.5,"PF"
16.1,26.7,6.1,0.1,3.7,0.718,23,0.558,2.6,"C"
0.8,7.6,0.3,0.3,0,0.5,29,0.462,1.1,"SG"
6.2,13.7,2.3,0.9,0.7,0.737,24,0.431,0.7,"SF"
12.2,31.5,4,2.2,1.9,0.823,28,0.371,2.1,"SG"
6.7,22.1,2.7,0.8,0.4,0.722,22,0.442,1.1,"SF"
7.8,24.7,3,0.7,1,0.635,21,0.424,2.2,"PF"
14.3,26.4,6.1,0,2.2,0.63,23,0.505,1.8,"C"
1.1,5.9,0.3,0,0.4,0.778,25,0.273,0.7,"PG"
21.3,35.6,7.8,1.5,4.2,0.858,22,0.545,2.4,"C"
16.2,23.3,5.8,1.2,3.4,0.816,26,0.468,2.3,"SF"
3.6,8.8,1.3,0.3,0.7,0.917,22,0.3,1.3,"PG"
11.5,23.4,4.2,1.4,1.8,0.77,26,0.497,2.7,"PF"
22.1,34.2,7.4,2.9,4.5,0.864,27,0.431,5.6,"PG"
5.9,14.4,2.4,0,1.1,0.706,28,0.514,0.6,"PF"
12.9,27.5,4.4,1.7,2.5,0.796,28,0.42,3.5,"SG"
13.4,33.2,4.6,2.1,2.1,0.789,24,0.426,2.2,"SG"
26.4,34.2,9.3,2.5,5.3,0.889,29,0.516,5.4,"SF"
17.6,28,5.7,2.3,4,0.88,29,0.458,1.7,"C"
4,13.8,1.7,0,0.6,0.545,21,0.58,0.6,"C"
4.2,13.8,1.6,0,1,0.689,25,0.54,0.8,"C"
20.1,36.4,7.2,1.8,3.9,0.884,26,0.466,4,"SF"
20,34.3,7.9,3.1,1.1,0.837,27,0.488,2.5,"SG"
6.1,20.1,2.5,0.3,0.8,1,20,0.423,2.1,"PG"
6.7,19.6,3.1,0,0.5,0.446,28,0.571,1.2,"C"
13.4,29.3,5.5,0.8,1.6,0.737,23,0.429,6,"PG"
22.7,32.4,8.1,1.9,4.5,0.793,22,0.439,1.2,"PF"
7.9,26.7,3.1,0.3,1.4,0.712,24,0.527,2.7,"SF"
3.2,15,1.2,0.1,0.7,0.525,26,0.384,1.8,"SF"
9.2,21.6,3,2.2,0.9,0.889,36,0.459,1.2,"SG"
16.1,31.2,6.1,2.1,1.9,0.707,22,0.45,1.8,"PF"
16.2,32.2,5.2,3.1,2.9,0.854,31,0.427,6.9,"PG"
7.1,18,2.9,0.1,1.3,0.772,27,0.583,2.1,"C"
1.9,4.9,0.6,0.2,0.6,0.538,29,0.333,0.2,"SF"
24.4,32.2,8.9,2.8,3.9,0.889,25,0.491,5.1,"PG"
23.1,33.5,9.2,0.4,4.5,0.837,32,0.51,2,"C"
9.2,22.6,3.7,0.8,1,0.661,27,0.427,2.9,"SG"
4.1,18.5,1.4,0.7,0.6,0.83,29,0.382,0.6,"PF"
6.2,14.9,2.2,1.3,0.6,0.805,26,0.371,1,"SG"
15.2,29.7,5.5,2.1,2.1,0.843,20,0.434,1.2,"PF"
27.5,36.9,10.5,1.8,4.7,0.731,33,0.542,9.1,"PF"
0.5,4.7,0.1,0,0.2,0.6,23,0.154,0.4,"PG"
10.2,34.2,3.9,1.7,0.6,0.451,20,0.36,7.2,"PG"
2.3,9.9,1,0.1,0.1,1,27,0.412,0.9,"PG"
22.6,32.8,7.4,2.4,5.5,0.88,31,0.435,5.3,"SG"
7.5,25.6,2.7,1,1.1,0.684,31,0.481,0.9,"PF"
2.5,8.5,1,0.1,0.4,0.679,25,0.613,0.4,"C"
5.2,14.3,1.8,1.2,0.3,0.773,28,0.423,0.6,"SF"
7.6,20,2.8,1.1,0.9,0.855,21,0.443,1.7,"SG"
6.7,16.3,2.5,1.4,0.4,0.727,22,0.392,1.3,"PF"
3.4,12.5,1.2,0.5,0.7,0.773,22,0.333,0.5,"SG"
13,29.9,5.1,1.3,1.6,0.882,25,0.485,3.2,"PG"
6.3,18.8,2,0.9,1.4,0.804,28,0.382,3,"PG"
2.5,8.4,0.9,0.5,0.3,1,24,0.464,0.2,"SF"
3.2,9.4,1.2,0.5,0.4,0.667,21,0.41,0.5,"SG"
6.7,13.6,2.4,1.3,0.5,0.842,19,0.36,1.4,"SG"
2,5,1,0,0,0,25,0.571,0,"C"
8.9,20,3.1,1,1.7,0.84,40,0.434,2.5,"SG"
17.2,33,5.9,1.5,3.8,0.834,33,0.42,4.2,"C"
8.4,25.3,3.5,0,1.3,0.675,33,0.518,1.8,"C"
12.1,24.3,4.2,1.9,1.9,0.908,31,0.441,1.9,"SG"
1.4,5.3,0.5,0.1,0.3,0.619,23,0.438,0.2,"SG"
13.6,26.8,4.9,1.6,2.3,0.805,28,0.429,1.3,"PF"
2.4,5.6,0.8,0.4,0.4,1,24,0.286,0.6,"PG"
10.2,29.9,3.5,1.4,1.8,0.729,23,0.367,4.8,"SG"
7.7,21.5,2.5,0.8,1.8,0.855,31,0.379,3,"PG"
9.6,22.1,3.6,1.2,1.1,0.819,22,0.442,1.4,"SF"
7.1,18.1,3.2,0,0.7,0.476,19,0.405,3.8,"SG"
11.5,27,4.5,1,1.4,0.82,28,0.48,1.9,"PF"
7.7,21.2,2.8,0.8,1.3,0.608,20,0.423,1.2,"PF"
7.7,13,2.7,1.7,0.8,0.727,30,0.395,0.8,"C"
9.5,25.7,3.3,1.6,1.3,0.829,31,0.458,1.2,"PF"
7.1,19.4,3,0,1.1,0.458,27,0.601,1.9,"C"
4.3,18.7,1.4,0.8,0.7,0.926,27,0.362,3.8,"PG"
6.5,21.4,2.5,0.8,0.7,0.712,24,0.495,0.9,"SF"
5.4,16.8,2.1,0.6,0.6,0.746,26,0.489,0.7,"PF"
3.4,7.7,1.4,0.3,0.3,0.818,25,0.59,0.5,"C"
13.2,22.3,5.5,0.5,1.7,0.78,29,0.507,1.7,"PF"
4.6,16.1,1.5,0.3,1.4,0.82,26,0.332,2.2,"PG"
9.2,25,3.8,0,1.6,0.684,24,0.504,1,"SF"
17.1,31.1,5.3,2,4.4,0.803,30,0.381,4.1,"PG"
9.3,19.1,3.4,0.7,1.8,0.762,27,0.383,3.5,"PG"
7.6,20,2.7,1.2,1.1,0.919,26,0.458,1,"C"
8.8,18.5,3.6,0.9,0.7,0.658,29,0.527,1.1,"PF"
4.3,16.7,1.9,0,0.5,0.45,29,0.583,0.8,"C"
9.5,25.2,3.4,2,0.9,0.848,30,0.419,4.6,"PG"
3.4,12.5,1.3,0.4,0.4,0.5,24,0.277,1,"SG"
3.3,8.3,1.3,0,0.7,1,22,0.667,2.3,"PG"
11,17,4.6,0,1.8,0.626,24,0.635,1,"C"
5.4,18.9,2.1,1,0.3,0.6,25,0.376,1.1,"SF"
12.7,28.2,4.7,0.9,2.5,0.777,21,0.479,1.3,"C"
6.8,20.5,2.6,1.1,0.5,0.8,29,0.461,1.3,"PF"
4.4,15.7,1.8,0,0.7,0.75,23,0.524,0.7,"C"
2.1,5,0.9,0,0.3,0.385,37,0.684,0.3,"PF"
7.3,17.4,2.5,1.5,0.7,0.862,32,0.412,0.5,"SG"
11.6,31,4.2,1.4,1.7,0.831,29,0.415,5.5,"SG"
4.4,12.8,1.5,1,0.5,0.724,24,0.39,1,"SG"
18.5,32.6,6.7,1.5,3.5,0.85,22,0.499,6.1,"C"
15.6,27.2,5.6,2.5,2,0.818,26,0.447,1.5,"PF"
16.5,29.5,7,1.1,1.4,0.819,27,0.475,3.4,"C"
4.9,16.2,1.9,0.4,0.7,0.621,22,0.444,0.6,"PF"
5.5,15.2,2.1,0.8,0.5,0.821,24,0.401,1.3,"SG"
5.9,20,2.2,1,0.5,0.629,20,0.471,0.7,"SF"
3.3,13.3,1.2,0.7,0.3,0.667,25,0.438,0.3,"PF"
1.2,10.1,0.5,0,0.2,0.308,31,0.409,0.2,"C"
5.7,14,2.3,0.2,0.9,0.725,29,0.58,1,"SF"
14.7,31.6,5.8,1.8,1.4,0.828,24,0.503,2,"SF"
6.1,27.8,2.1,1.4,0.5,0.717,32,0.39,0.9,"PF"
7.3,20.7,3.1,0.4,0.7,0.621,23,0.508,2,"PF"
5.4,18.1,2,0.9,0.5,0.841,25,0.423,1.1,"SG"
12.2,30.4,4.4,2.2,1.3,0.824,29,0.403,2.9,"SG"
4,16.9,1.6,0.3,0.5,0.765,22,0.409,1.4,"SG"
3.9,15.5,1.3,0.8,0.5,0.87,28,0.398,0.7,"PF"
10,25.7,3.4,1.9,1.3,0.89,29,0.411,2.8,"PG"
10.1,23.5,3.7,0.6,2.1,0.756,37,0.458,3.1,"C"
21.9,36.6,7.3,3.1,4.3,0.822,27,0.43,3.3,"SF"
14.6,30.1,5.3,1,2.9,0.696,32,0.464,2.8,"PF"
4,15.3,1.5,0.7,0.4,0.76,23,0.346,0.9,"SF"
5.9,19.4,1.9,1.5,0.7,0.817,27,0.356,0.8,"PF"
2,8.5,0.6,0.1,0.6,0.824,29,0.286,0.4,"SF"
9.5,22.4,3.7,1.4,0.7,0.88,24,0.484,2.7,"PG"
3.8,9,1.4,0.6,0.4,1,24,0.35,0.6,"SG"
8.3,26.2,3.6,0.8,0.4,0.543,31,0.468,8.2,"PG"
4.9,14,1.5,0.3,1.6,0.772,31,0.359,2.8,"PG"
2.3,7.6,0.8,0.5,0.1,0.667,21,0.411,0.5,"SG"
4.5,12.1,1.7,0.5,0.6,0.743,25,0.457,1.8,"PG"
6.9,16.6,2.7,1,0.4,0.818,33,0.406,2.5,"PG"
11.3,27.9,4.3,2,0.6,0.796,26,0.489,1.5,"SF"
14.6,26.7,5.5,1.2,2.5,0.836,27,0.426,5.3,"PG"
1.5,8.2,0.6,0.1,0.2,0.571,37,0.444,0.8,"SF"
6.5,15.5,2.8,0.1,0.8,0.661,24,0.56,1.3,"C"
13.1,29.3,4.5,1.2,2.9,0.866,27,0.418,5.3,"PG"
12.6,31.7,4.3,2.5,1.5,0.853,27,0.413,2,"SF"
11.8,26.4,5.3,0.1,1.1,0.756,29,0.53,1.9,"C"
14.7,26.9,5.4,2.1,1.9,0.86,25,0.429,1.6,"SG"
5.1,16.6,2,0.8,0.2,0.5,26,0.493,0.9,"SG"
2.4,13.3,0.7,0.4,0.7,0.769,24,0.339,1.6,"SG"
13.9,28.2,5,0.2,3.7,0.788,23,0.472,2.5,"SF"
5,16.7,1.7,0.6,0.9,0.803,24,0.423,1.4,"SF"
11.5,21.6,4.4,0.6,2,0.772,31,0.471,1.3,"PF"
13.5,32.4,4.9,0,3.6,0.682,25,0.622,1.4,"C"
25.4,36.4,9.5,1.2,5.2,0.737,29,0.449,10.3,"PG"
9.3,26.1,3.1,2,1.1,0.774,29,0.431,0.9,"PF"
2,12.7,0.7,0.4,0.2,0.833,23,0.415,1.5,"PG"
3.5,12,1.4,0,0.6,0.576,31,0.642,0.6,"C"
4.2,12.1,1.8,0.1,0.5,0.661,23,0.494,0.5,"PF"
6.3,12.3,2.1,0.9,1.2,0.889,28,0.374,0.9,"SG"
2.7,15.8,0.9,0.5,0.3,0.61,23,0.346,0.3,"PF"
12.6,27.5,5,1.4,1.2,0.797,28,0.483,0.8,"PF"
5,9.7,2,0.2,0.9,0.78,25,0.447,0.3,"SF"
8.7,20.7,3,1.1,1.6,0.841,26,0.42,2,"PG"
4.3,14.4,1.6,0.6,0.6,0.865,25,0.384,1.8,"PG"
5.5,15.9,2.4,0,0.7,0.82,32,0.501,2,"PG"
6.9,19.8,2.6,0.7,1,0.711,27,0.43,3.9,"PG"
3.9,15.8,1.4,0.3,0.8,0.67,23,0.429,0.9,"SG"
8.7,20.7,3.4,0.3,1.6,0.805,21,0.448,1.2,"PF"
2.4,15.6,0.9,0.3,0.3,0.5,26,0.268,1.8,"SF"
12.6,28.8,4.1,1.8,2.7,0.813,24,0.387,6.6,"PG"
8.7,27.4,3,1,1.6,0.772,21,0.375,1.6,"SF"
26.4,32,8.4,4.2,5.5,0.921,29,0.495,6.1,"PG"
4,14.4,1.5,0.6,0.4,0.875,22,0.4,0.5,"SG"
13.9,32.7,5.9,0,2.1,0.559,24,0.629,1.2,"C"
2.9,8.7,1.2,0.3,0.2,0.625,20,0.471,0.2,"PF"
6.3,22.4,2.8,0.4,0.4,0.795,25,0.499,4,"PG"
19.6,33,8.1,0.3,3,0.757,24,0.498,1.3,"SF"
12.2,33.2,5.2,0.1,1.7,0.768,32,0.577,1.2,"PF"
3.5,10.5,1.5,0,0.6,0.46,26,0.591,0.3,"C"
3.1,12.5,1.1,0.7,0.1,0.9,19,0.414,0.3,"SG"
8.7,25,3.2,1.3,1.1,0.75,26,0.398,1.6,"SG"
11.3,25.9,4,1.9,1.4,0.772,23,0.395,2.9,"PG"
8.2,21.2,3.1,0.8,1.2,0.815,33,0.492,0.9,"SF"
11.8,32.2,5.2,0.7,0.7,0.598,29,0.487,1.9,"PF"
1.5,4.8,0.5,0.1,0.3,0.556,20,0.381,0.4,"C"
4.8,16.7,1.8,0.4,0.9,0.699,20,0.411,0.6,"C"
3,14.2,1.2,0.3,0.4,0.767,27,0.395,3.3,"PG"
17.5,33.1,6.3,2.3,2.6,0.816,25,0.421,2.7,"SG"
4.2,11.6,1.7,0.1,0.7,0.767,31,0.559,0.4,"C"
5.8,15.5,1.9,1,0.9,0.793,22,0.375,1,"SF"
18.6,33.4,7,2.3,2.2,0.829,25,0.46,2.4,"PF"
7.2,22.5,2.8,0.6,1,0.781,26,0.523,3.9,"SG"
4.7,12.4,2,0.2,0.5,0.524,36,0.484,0.4,"SF"
0.9,3.2,0.3,0,0.2,1,20,0.273,0.1,"C"
7.7,19.5,3.2,0.2,1,0.705,35,0.459,3.5,"PG"
6.9,27.4,2.5,1.4,0.5,0.792,26,0.435,1.3,"SG"
4.2,16.1,1.6,0.4,0.6,0.629,27,0.453,0.6,"SF"
4.3,16.7,1.5,0.6,0.7,0.695,24,0.434,0.9,"SG"
11.7,33.9,4,2.5,1.1,0.854,32,0.412,1.6,"SF"
6.3,17,2.6,0.1,1,0.71,30,0.516,1.2,"PF"
12.8,21.8,5.4,1.1,1,0.649,25,0.503,4.7,"PG"
9.9,19.1,3.7,1.1,1.4,0.706,22,0.491,1.2,"PF"
5.8,20.2,2.5,0,0.8,0.544,26,0.562,0.6,"C"
8.9,20.5,2.9,2.3,0.7,0.875,26,0.403,0.6,"SG"
6.3,14.6,2.4,0.5,1,0.667,23,0.468,0.8,"SF"
4.7,13.3,1.7,0.8,0.4,0.81,23,0.441,0.7,"PF"
7.2,17.4,2.6,1.3,0.8,0.714,21,0.377,1.4,"SG"
4.1,12.6,1.7,0.3,0.4,0.759,23,0.42,1.9,"PG"
11.7,28.5,4.3,1.7,1.5,0.822,25,0.435,2.3,"PG"
7.8,23.4,3,0.6,1.2,0.832,22,0.388,4.4,"PG"
6.7,16.8,2.8,0.2,0.9,0.722,28,0.56,0.7,"C"
19.4,30.9,7,2.2,3.2,0.785,28,0.452,5.2,"PG"
9.7,28.4,3.7,0.3,2,0.782,23,0.445,2.4,"PG"
6.5,25,2.6,0,1.3,0.624,35,0.647,1.2,"C"
5.1,17.9,1.8,0.5,0.9,0.877,21,0.457,2.8,"PG"
0.6,5.1,0.2,0.1,0.1,0.5,37,0.2,0.4,"C"
0.6,9,0.2,0,0.2,0.5,25,0.2,0.6,"SG"
23.1,34,8.5,2.1,3.9,0.799,25,0.477,4.3,"SG"
5.4,17.7,2,1,0.5,0.757,41,0.403,1.2,"SF"
5.4,11.4,2,0.6,0.9,0.6,21,0.667,0.7,"PG"
11.2,26.5,3.7,2.9,0.9,0.859,30,0.407,1,"SG"
9.3,19.8,3.3,1.4,1.3,0.746,23,0.431,1.9,"SG"
3.7,16.5,1.5,0.1,0.5,0.723,23,0.427,0.9,"SF"
5.4,20.1,2,0.8,0.6,0.741,30,0.408,0.8,"SF"
12.7,33.8,4.5,2.4,1.3,0.822,31,0.406,2.7,"SF"
15.7,33.1,5.7,1.9,2.2,0.805,27,0.452,4.1,"SG"
12.8,28,5.3,0,2.1,0.619,24,0.502,2.4,"C"
4.6,10.2,1.9,0,0.8,0.582,27,0.669,0.2,"C"
5.1,10.3,1.9,0.1,1.2,0.656,23,0.555,0.7,"C"
10,31.7,3.8,1.2,1.2,0.772,30,0.445,2.1,"SF"
0.5,3.5,0.2,0,0.2,0.5,25,0.167,0.7,"SG"
10.2,27.8,3.8,1.6,1,0.796,24,0.426,2.5,"SG"
4.4,15.8,1.7,0.5,0.4,0.643,20,0.398,0.8,"C"
16.7,27.3,5.7,1.8,3.6,0.813,22,0.383,3,"SG"
14.5,25.6,6.1,0.9,1.4,0.785,36,0.473,2.2,"PF"
5.4,14.1,2.2,0,1.1,0.806,33,0.564,1.6,"C"
1.2,6.9,0.3,0.1,0.4,0.667,22,0.188,0.1,"C"
16,33.8,6,1.6,2.4,0.731,23,0.449,3.7,"PF"
5.9,12.9,2.1,0.9,0.8,0.82,22,0.401,1.7,"PG"
4,11.4,1.5,0.5,0.4,0.75,25,0.423,0.3,"SF"
9.4,28.3,3.2,1.2,1.9,0.867,28,0.433,1.3,"PF"
13.6,29,5.7,1.1,1.1,0.821,32,0.535,4.2,"C"
8.8,21.5,3,1,1.8,0.823,27,0.405,2,"SG"
5.3,19,1.8,1.3,0.4,0.923,25,0.357,0.6,"SG"
9.2,21.2,3.1,1,2,0.797,24,0.445,3.1,"PG"
11.1,20.1,4.2,1,1.8,0.648,25,0.494,1.1,"C"
5.1,14.5,1.9,0.4,0.9,0.621,25,0.494,0.8,"PF"
4.7,13.9,1.9,0.6,0.4,0.563,26,0.487,0.4,"SF"
0.9,4.6,0.3,0.1,0.3,0.5,22,0.25,0.1,"PF"
9.6,26.3,3.2,2.3,1,0.732,26,0.367,1.1,"SG"
10.9,22.8,3.6,0.8,2.8,0.803,23,0.448,1.9,"SG"
2.3,5.7,0.8,0,0.6,0.875,25,0.625,0.3,"PF"
3.9,10.4,1.5,0.2,0.6,0.756,31,0.503,1.2,"C"
17.3,33.5,7.1,0.1,3.1,0.59,25,0.533,1.4,"C"
5.7,23.2,2.2,0.7,0.6,0.582,35,0.5,3.2,"SF"
3.2,11,0.9,0.3,1,0.944,24,0.302,1.4,"PG"
18.1,34.8,6.8,1.6,2.8,0.699,23,0.412,2.5,"SF"
3.8,7.1,1.4,0.5,0.5,0.563,19,0.444,0.7,"SG"
1.5,7.5,0.5,0,0.5,0.5,24,0.2,0,"C"
7.8,18.3,3.1,0,1.6,0.705,22,0.553,0.9,"C"
25.9,33,9.5,0.9,6.1,0.794,25,0.517,3.9,"C"
5,16.6,1.5,1.2,0.7,0.783,33,0.382,0.7,"PF"
7.3,14.5,2.9,0.6,0.9,0.658,22,0.419,0.7,"SG"
5.6,16.1,2.1,0.4,1,0.855,32,0.471,1.1,"C"
8.1,26.7,3.1,1.4,0.7,0.526,26,0.406,2.2,"SG"
9.9,30.2,3.9,1.4,0.7,0.86,28,0.408,2.4,"SG"
8.9,23.3,3.4,0,2,0.735,21,0.576,2.2,"C"
3.9,8.3,1.3,0.9,0.4,0.667,25,0.391,0.2,"SG"
16.9,34.2,6.8,0,3.3,0.6,22,0.563,7.7,"PG"
4.4,14.5,1.6,0,1.1,0.637,26,0.571,0.6,"C"
24.5,35,8.3,2.5,5.5,0.753,29,0.462,5.4,"PF"
7.3,11.7,2.8,0.1,1.7,0.748,30,0.615,0.9,"C"
14.2,26,5.6,1.5,1.5,0.794,23,0.444,1.4,"PF"
14.1,27.8,5.2,1.9,1.9,0.827,26,0.418,3.8,"SG"
18,31.8,6.4,2,3,0.807,29,0.497,2,"SF"
3.9,9.5,1.4,0.4,0.7,0.857,29,0.476,1.6,"PG"
25.6,36.9,9.3,2.5,4.4,0.808,25,0.475,5.5,"SG"
1.4,3.6,0.4,0.1,0.6,0.818,23,0.261,0.9,"PG"
18.3,33.8,7,0.6,3.8,0.675,21,0.497,3,"SF"
6.8,18.9,2.5,1.1,0.7,0.794,27,0.381,1.8,"PG"
5.1,15.3,2,0.8,0.3,0.667,21,0.467,0.7,"SG"
12.5,28.7,4.4,2.3,1.4,0.842,30,0.452,1.2,"C"
4.3,19.6,1.7,0.3,0.6,0.75,22,0.398,1.2,"SG"
11.8,28,4.4,2.1,0.8,0.885,25,0.456,2.1,"SG"
20.7,31.9,7.6,3.4,2.1,0.886,26,0.458,2.5,"SG"
6.4,16.2,2.1,1.3,0.9,0.828,31,0.36,0.7,"SF"
2.6,8.5,1.1,0.3,0,0,28,0.486,0.8,"SG"
2,8.5,0.9,0,0.3,0.667,21,0.34,0.5,"PF"
6.3,17.8,2.4,0.6,0.8,0.805,24,0.43,2.7,"PG"
13.7,26.6,5.2,1.2,2.1,0.691,24,0.429,3.9,"SF"
13.4,29.4,4.9,2.1,1.5,0.682,34,0.405,0.5,"PF"
13,32.2,4.7,1.7,1.9,0.779,23,0.427,2.6,"SF"
5.2,20.3,2.2,0.3,0.5,0.605,22,0.459,0.8,"SF"
7.5,19.8,2.7,1.2,0.9,0.88,30,0.374,1.7,"SF"
3.6,9.5,1.2,0.9,0.3,0.786,35,0.368,0.6,"C"
5.5,15.2,1.9,0.9,0.9,0.694,25,0.419,2,"PG"
6,14,2.6,0,0.8,0.746,22,0.62,0.5,"PF"
1.8,5,0.7,0,0.4,0.765,21,0.328,0.4,"PF"
3.3,5.8,1.2,0.4,0.5,0.867,26,0.447,0.1,"PF"
15.6,32,5.2,2.2,3,0.862,33,0.419,8.2,"PG"
8.2,12,2.9,0.4,2,0.732,23,0.521,0.4,"PF"
21,33.9,8.2,2.4,2.3,0.828,27,0.459,3,"SG"
16.6,33.6,7.1,0,2.5,0.636,24,0.648,1.4,"C"
10.1,25.4,3.9,0.1,2.3,0.787,26,0.551,2.1,"C"
16.7,31.8,6.3,1.5,2.6,0.839,20,0.43,3,"PG"
6.5,25.2,2.8,0.7,0.4,0.698,27,0.412,3.9,"PG"
4,12.6,1.6,0.5,0.4,0.667,33,0.411,1.1,"SG"
4,12.4,1.6,0,0.8,0.685,26,0.531,0.6,"C"
21.1,30.2,8.1,2.9,2,0.78,22,0.434,7,"PG"
11.7,28,3.9,1.6,2.2,0.866,31,0.47,5.3,"PG"
5.8,18.4,2.2,1,0.5,0.553,22,0.414,1.1,"PF"
5.4,17.1,2.2,0,1,0.649,23,0.716,1.2,"C"
25.8,35.5,8.5,3,5.9,0.912,28,0.444,6.9,"PG"
4.9,11.7,1.8,0.8,0.6,0.864,26,0.441,0.4,"SG"
10.7,27.5,4,1.7,1,0.745,24,0.415,1.8,"SG"
3,10.7,1.2,0.4,0.2,0.5,23,0.383,1.2,"SG"
5.7,13.8,2.2,0.4,0.8,0.737,26,0.549,1,"C"
19.8,30.3,6,2.4,5.4,0.904,30,0.463,2.6,"SF"
10.3,27.7,3.7,2.5,0.5,0.841,31,0.465,1.6,"SG"
3,14.5,1.2,0.5,0.2,0.778,31,0.475,0.8,"PF"
6.9,15.8,2.4,0.4,1.6,0.791,23,0.419,2.6,"PG"
9.4,25.1,3,1.9,1.4,0.789,25,0.468,1,"SF"
10.6,25,3.8,1.5,1.6,0.88,24,0.437,1.6,"PF"
8.2,25.5,2.7,1.9,0.8,0.789,28,0.39,2.1,"SF"
11.2,28.2,4.1,1,2.1,0.832,31,0.467,6,"PG"
3.6,11.3,1.3,0.6,0.5,0.571,23,0.37,0.9,"SG"
6.5,19.3,2.5,0.5,1.1,0.682,26,0.481,1.1,"SG"
8,21.5,2.7,1.9,0.7,0.883,26,0.45,1.3,"PF"
17.3,31.4,6.2,1.1,3.7,0.727,21,0.458,7.3,"PG"
5,19.7,2,0.6,0.4,0.75,20,0.391,3.2,"PG"
8.4,23.5,3.4,0.6,1.1,0.64,24,0.446,2.5,"SG"
16.3,30.7,7.2,0,2,0.746,20,0.585,1.8,"C"
11,29.7,4.1,0,2.7,0.705,30,0.641,2.3,"C"
8.7,22.7,3.2,0.7,1.6,0.793,26,0.434,3.3,"PG"
21.2,34.9,8.2,0.1,4.8,0.83,29,0.481,6.2,"SG"
16.3,25.7,5.9,0.9,3.5,0.736,28,0.48,3.6,"C"
11.1,25.4,3.4,1.6,2.7,0.76,32,0.395,1.3,"PF"
3.7,6.5,1.3,0.3,0.7,1,24,0.533,0.8,"PG"
15.5,29.3,5.8,1.6,2.4,0.819,25,0.414,4.1,"PG"
13.6,28.5,5.2,1.3,1.9,0.635,21,0.428,4.8,"PG"
2.6,7.5,1,0.3,0.3,0.667,25,0.402,0.3,"SG"
11.8,23.2,4.8,0.2,2,0.675,27,0.586,1.2,"C"
7,19.2,2.7,0.5,1.2,0.607,21,0.494,0.6,"SF"
18,27.3,7.1,1.1,2.7,0.856,30,0.482,4.3,"PG"
9.9,25.8,3.9,0.7,1.4,0.772,24,0.479,3.9,"PG"
26.6,35,9.2,2.1,6.1,0.866,22,0.467,6.8,"SG"
6.3,15.8,1.9,0.9,1.5,0.761,35,0.38,1.8,"PG"
6.7,13.6,2.7,0,1.3,0.643,23,0.594,0.9,"SF"
4.7,14.7,1.6,0.7,0.8,0.761,23,0.343,2.6,"PG"
10.8,25.1,4,1.3,1.4,0.814,29,0.492,1.4,"C"
7.5,18.3,2.7,0.8,1.2,0.733,23,0.402,0.9,"SF"
12,25.9,4.5,2.5,0.5,0.5,27,0.414,2.8,"SG"
7.3,15.6,2.6,1.3,0.8,0.78,40,0.359,0.7,"PF"
14.1,24.8,5.6,0.1,2.8,0.715,22,0.59,2.9,"C"
23.8,33.7,8.6,2.4,4.1,0.806,22,0.432,4.2,"SG"
4.9,15.2,1.9,0.8,0.3,0.75,22,0.403,1.1,"SG"
7.5,24.5,2.8,1,0.9,0.709,25,0.432,1.2,"SF"
7.3,17.4,2.7,1.1,0.9,0.835,27,0.491,0.9,"SF"
5,18,1.9,0.5,0.7,0.593,21,0.447,1.2,"PF"
7.4,31.3,2.8,0.7,1,0.692,28,0.445,6.9,"PF"
1.8,4.9,0.7,0,0.5,0.846,21,0.577,0.3,"PF"
3.3,10.7,1.2,0.7,0.3,0.667,24,0.391,0.3,"PF"
7.3,17.7,2.8,0.9,0.8,0.739,23,0.475,1.1,"SG"
12.8,25.6,4.8,0,3.2,0.604,33,0.623,0.4,"C"
10.6,21.6,3.8,0.5,2.5,0.772,27,0.597,1.5,"C"
15,26.2,5.8,1.2,2.3,0.708,37,0.433,4.2,"SG"
2.1,4.3,1,0.1,0,0,19,0.409,0.2,"SG"
11.9,27.6,4.8,1.4,0.8,0.763,29,0.481,1.9,"SG"
5.8,17.9,2.3,0,1.2,0.617,29,0.616,0.8,"C"
2.9,9.1,1,0.3,0.7,0.625,23,0.344,0.4,"PG"
2.3,6.3,1,0,0.4,0.633,31,0.694,0.5,"C"
10.6,29.8,4.3,0.8,1.3,0.743,24,0.434,7.6,"PG"
5.7,18.1,2.2,0.7,0.7,0.787,21,0.393,2.4,"PG"
14.8,27.2,5.6,1.2,2.4,0.774,22,0.446,3.9,"PG"
13.7,24.5,5.6,0.1,2.3,0.787,26,0.549,1.7,"C"
15.9,29.1,6,1.6,2.3,0.75,29,0.484,5.5,"PG"
16.2,31.7,5.6,3.2,1.8,0.783,30,0.409,1.9,"SG"
6.8,18.4,2.5,0.9,0.9,0.824,31,0.438,0.8,"PF"
15.1,31.5,5.8,1.9,1.7,0.806,26,0.438,3.6,"SG"
6.8,22,2.8,0.2,1,0.708,30,0.46,3.9,"PG"
8.1,19.2,3.2,0.9,0.9,0.74,20,0.434,1.1,"PG"
8.6,16.1,2.9,1.1,1.7,0.738,25,0.463,1.3,"C"
5.7,21,2.2,0.8,0.5,0.767,20,0.337,2.8,"PG"
11,27.5,3.8,1.8,1.5,0.843,24,0.41,4.8,"PG"
5.8,14.1,2,1,0.8,0.818,21,0.4,1.1,"SG"
7.8,27.2,2.8,1.2,1.1,0.748,32,0.422,1.4,"SG"
2.9,12.6,1,0.8,0.1,1,24,0.331,0.4,"PF"
12.9,28.8,4.7,1.4,2,0.799,24,0.424,2.2,"SG"
7.6,21.7,2.8,0.8,1.2,0.824,32,0.452,2.3,"PG"
4,8.7,1.5,0.7,0.3,0.833,25,0.475,0.6,"PF"
9.2,20.2,3.2,2.1,0.8,0.838,33,0.4,0.5,"SG"
27.7,32.8,10,0.7,6.9,0.729,24,0.578,5.9,"PF"
4.2,13,1.6,0.4,0.7,0.8,25,0.42,0.4,"SF"
13.7,27.5,5,1.6,2.2,0.782,32,0.413,4.8,"PG"
11.5,25.9,4.1,1.1,2.2,0.834,28,0.466,3.4,"PF"
6.4,13.6,2.5,0.3,1.2,0.83,29,0.501,0.9,"C"
5.6,10.9,1.8,0.8,1.2,0.75,23,0.376,0.7,"SG"
5.3,11.2,2.1,0,1,0.625,28,0.487,0.6,"C"
2.3,6.1,0.9,0.2,0.4,0.682,23,0.455,0.4,"PF"
3.7,10.3,1.5,0.1,0.7,0.61,20,0.455,0.3,"SG"
16.4,32.9,5.6,2.3,3,0.824,26,0.42,1.5,"PF"
7,14.1,3,0,1,0.637,20,0.503,1.5,"PF"
12.3,23.3,5.4,0,1.5,0.449,29,0.571,0.8,"C"
6,13.6,2.1,0.9,1,0.76,22,0.411,0.8,"PF"
6.7,16.2,2.5,1.1,0.6,0.892,27,0.394,1.6,"SG"
4.1,14.6,1.4,0.1,1.2,0.689,32,0.452,0.7,"C"
7.5,23.9,2.7,1.5,0.6,0.8,28,0.374,1.8,"SG"
0.9,5.5,0.2,0,0.4,0.6,19,0.152,0.7,"PG"
3.5,14.3,1.4,0.3,0.4,0.577,22,0.399,2.2,"PG"
1.9,7.9,0.7,0.1,0.4,0.786,20,0.488,0.5,"PF"
4,10.7,1.3,0,1.3,0.8,24,0.5,0.7,"PF"
8.1,15.1,2.8,1,1.4,0.63,29,0.343,1.9,"SG"
8.9,22.3,3.7,0.8,0.8,0.758,30,0.419,3.6,"PG"
5.8,14.7,2.4,0.1,1,0.71,21,0.547,1.1,"PF"
8.9,17.6,3.6,0,1.7,0.802,21,0.559,1.1,"C"
10.9,19.8,4.2,1,1.4,0.705,34,0.418,5.6,"PG"
18.1,31.3,5.9,3.2,3,0.894,34,0.44,2.7,"SG"
14.5,26.9,5.8,1,2,0.712,23,0.493,2.4,"PF"
1.3,6.8,0.6,0.1,0,0,21,0.34,0.8,"SG"
11.9,27.1,4,2.2,1.8,0.721,28,0.399,1.7,"SF"
8.2,15.8,3.6,0,1,0.663,23,0.586,0.7,"C"
7.6,18.7,3,0.8,0.7,0.704,24,0.509,0.7,"SF"
5.5,16.5,2.4,0,0.6,0.533,23,0.645,1.2,"C"
9.3,21.8,3.6,0.9,1.2,0.725,22,0.467,3.2,"PG"
5.1,13.4,1.6,0.6,1.2,0.704,25,0.419,0.4,"SF"
7.9,18.9,2.7,1,1.5,0.845,38,0.397,3.6,"SG"
18.2,32.6,6.8,2,2.5,0.848,21,0.437,4.8,"PG"
6.7,21.2,2.4,0.9,1,0.716,28,0.469,0.7,"SF"
36.1,36.8,10.8,4.8,9.7,0.879,29,0.442,7.5,"PG"
7.8,21.2,3,0.9,0.9,0.714,31,0.433,2.5,"PF"
2.4,6.8,0.8,0.5,0.3,1,28,0.353,0.5,"SF"
9.4,21.1,3.5,1.1,1.2,0.792,28,0.483,0.8,"PF"
4.9,20.7,1.7,0.9,0.5,0.696,33,0.423,1.4,"PF"
2.2,7.9,0.9,0.3,0.2,0.5,23,0.308,0.9,"SG"
2.7,7.8,1,0.5,0.2,0.818,24,0.413,0.4,"PF"
13.8,26.1,5.1,0.9,2.6,0.766,19,0.506,1.1,"PF"
4.2,16.3,1.7,0.4,0.4,0.769,25,0.443,0.5,"SF"
1.4,4.1,0.5,0,0.4,0.6,19,0.474,0.2,"PF"
10.9,26.2,4.2,0.1,2.5,0.709,20,0.59,1.4,"C"
3.3,9.5,1.1,0.5,0.7,0.875,32,0.356,0.7,"PF"
12,22.3,5.3,0,1.3,0.632,31,0.624,0.7,"C"
3.2,12.6,1.1,0.7,0.2,0.778,22,0.345,1.9,"PG"
13,25.9,5,1.3,1.8,0.658,22,0.465,1.4,"SG"
2.5,7.3,1,0.3,0.3,0.5,23,0.4,1,"SG"
15.7,31.1,5.9,1.5,2.5,0.855,20,0.45,2.1,"SF"
12.3,27.2,4.2,1.4,2.4,0.888,32,0.475,1.8,"PF"
12.1,30.1,4.2,0.8,2.9,0.804,30,0.423,8.2,"PG"
13.6,32.7,5.1,1.4,2,0.71,24,0.497,1,"PF"
15.3,28.5,5.5,1.5,2.9,0.888,26,0.44,2.2,"SG"
9.6,19.4,3.2,0.7,2.4,0.838,30,0.44,3.1,"PG"
4.2,15.7,1.5,0.7,0.4,0.65,26,0.418,2.6,"PG"
3.4,9.7,1.3,0.5,0.2,0.667,21,0.4,0.6,"SG"
6.1,19.3,2.4,0.9,0.5,0.571,30,0.357,3.5,"PG"
4.4,14.8,1.4,0.9,0.7,0.813,23,0.303,1.8,"PG"
18.7,33.6,6.4,1,4.8,0.855,29,0.462,4,"SF"
7.1,16.5,2.6,0,1.9,0.716,33,0.516,2.1,"C"
13.7,30.2,4.9,2.4,1.4,0.827,27,0.5,2.4,"SG"
12.1,31.3,4.4,2.3,1.1,0.707,31,0.448,5.7,"PF"
27.5,33.7,9.1,1.2,8.2,0.804,24,0.484,3.7,"C"
19.5,30,7.6,0.9,3.3,0.763,21,0.56,2,"PF"
5.6,13.4,2.2,0.8,0.4,0.6,28,0.463,1,"C"
20.7,34.5,7.7,1.6,3.8,0.697,28,0.444,8.7,"PG"
4.6,7.1,1.8,0,1.1,0.6,23,0.534,0.5,"PF"
6.5,15.5,2.7,0,1.1,0.563,23,0.591,0.5,"C"
3.8,9.8,1.6,0,0.6,0.742,29,0.584,0.3,"PF"
4.7,14.5,1.8,0.8,0.3,0.481,23,0.494,0.9,"PF"
6.3,16.7,2.2,0.9,0.9,0.8,31,0.459,1.3,"PF"
15.6,22.3,6.1,0.3,3,0.795,26,0.559,1.4,"C"
9.6,26.6,3.5,1.1,1.5,0.815,21,0.429,1.1,"PF"
6.5,19,2.4,0.5,1.3,0.742,29,0.38,2.3,"SG"
3.3,11.6,1.5,0,0.4,0.61,24,0.516,1.1,"C"
16.8,27.3,6.5,1.8,2,0.844,26,0.448,2.4,"SG"
2.4,4.6,0.7,0.3,0.8,0.818,25,0.444,0.5,"PG"
5.9,12.3,2.3,0.4,1,0.8,27,0.469,1.1,"SG"
2.3,12.9,0.9,0.3,0.2,0.818,37,0.375,2.3,"PG"
7.8,25.6,2.8,1.4,0.8,0.688,23,0.407,1.4,"SG"
11.5,25.2,4.4,0.9,1.8,0.671,21,0.413,2.3,"SG"
7.7,23.7,2.6,0.8,1.6,0.728,20,0.386,1.2,"SG"
16.6,34.8,5.8,2.2,2.7,0.861,25,0.412,4.1,"SG"
21.2,35.9,8.2,1.8,3.1,0.768,28,0.472,7.7,"SG"
5.8,19.4,2,0.9,0.9,0.767,23,0.439,0.8,"PF"
21.4,30.6,7.8,0.9,4.9,0.731,24,0.524,3.1,"PF"
3.7,9.6,1.3,0.5,0.5,0.743,25,0.408,0.5,"SF"
10.5,31.8,3.7,2,1.2,0.896,29,0.386,1.8,"SG"
7.2,19.9,2.7,1.1,0.8,0.785,23,0.447,1.2,"SF"
1.7,7,0.7,0,0.3,0.5,21,0.286,1,"C"
12.6,29.7,4.9,1.5,1.3,0.628,22,0.433,4.3,"SF"
15.6,27.4,5.8,0,3.9,0.773,24,0.508,3.2,"C"
24.4,33.1,8.8,1.8,4.9,0.836,23,0.518,3.4,"C"
26.6,34,9.3,1.9,6.1,0.854,27,0.496,3.3,"SF"
5,16.8,2,0.4,0.6,0.643,23,0.423,0.6,"SF"
10,22.9,3.3,1.4,1.9,0.822,27,0.463,1.8,"PF"
25.6,34.9,8.9,3.2,4.6,0.844,28,0.434,5.9,"PG"
10.4,19.7,4.2,0.2,1.7,0.646,29,0.589,0.5,"C"
6.1,23.5,2.3,1.1,0.3,0.684,24,0.384,1.8,"SF"
11.6,24.5,4.1,1.4,1.9,0.726,29,0.402,2.3,"SG"
11.4,24.8,4,1.8,1.7,0.867,25,0.43,1.3,"SG"
26,34.6,9.2,1.8,5.7,0.885,30,0.521,5.9,"SF"
9.7,27.3,3.7,1.8,0.5,0.732,20,0.419,2.9,"SG"
12.8,28.8,4.5,1.7,2.2,0.717,19,0.37,1.1,"PF"
17,27.2,5,2.4,4.7,0.904,30,0.385,2.2,"PF"
6.3,18.5,2.7,0,0.8,0.619,22,0.625,1.5,"C"
4.8,12.9,1.8,0,1.2,0.699,26,0.603,0.8,"C"
18.3,31.1,6.6,2.3,2.8,0.837,27,0.441,4.3,"SF"
2.3,7.5,0.8,0.4,0.3,0.636,22,0.319,0.3,"SG"
21.5,34,8.4,3.1,1.7,0.816,28,0.467,2.4,"SG"
3.7,12,1.7,0,0.2,0.417,29,0.477,0.9,"C"
1,5.5,0,0,1,0.5,21,0,0,"PF"
11.3,30.2,4.7,0.7,1.2,0.797,24,0.425,6,"PG"
8,29.8,3.5,0.2,0.9,0.578,25,0.543,3,"SF"
8.6,19.1,2.9,2,0.9,0.822,37,0.416,1.2,"SG"
18.7,33.1,7.1,1.8,2.7,0.752,23,0.456,2.5,"PF"
14.2,34,4.7,2.4,2.5,0.83,32,0.411,8.7,"PG"
3.5,8.2,1.5,0,0.4,0.81,28,0.507,1.2,"C"
23.8,33,9,2.6,3.2,0.873,26,0.487,6.9,"PG"
21.3,33.2,8.4,0.1,4.3,0.847,33,0.519,2.4,"C"
7.2,16.5,2.7,1.1,0.7,0.685,28,0.426,2.1,"SG"
4.5,17,1.7,0.5,0.6,0.75,30,0.396,0.6,"PF"
9.1,22.8,3,2.1,0.9,0.806,21,0.431,1.5,"SG"
8.4,21.8,2.9,1.7,1,0.844,27,0.388,1.1,"SG"
18.7,32.3,6.6,2.3,3.3,0.872,21,0.43,1.4,"PF"
27.4,35.2,10.1,2,5.1,0.665,34,0.51,8.3,"SF"
2.6,6.9,0.9,0.3,0.5,0.8,20,0.348,0.5,"SG"
9.9,30.3,3.9,1.6,0.4,0.417,21,0.406,5.4,"PG"
2.1,8.2,0.9,0.2,0.1,1,28,0.324,1.1,"PG"
20,26.6,6.5,1.4,5.7,0.876,32,0.425,5.4,"SG"
5,15.3,2,0.5,0.5,0.4,32,0.444,0.5,"PF"
21.2,32.2,7,2.3,4.8,0.713,19,0.427,6,"SG"
9.7,22.8,3.6,1.7,0.8,0.836,22,0.438,1.8,"SG"
7,17,2.3,1.5,0.8,0.826,23,0.378,1.2,"PF"
7.1,17.8,2.7,0.6,1.1,0.714,33,0.5,0.8,"SF"
1.4,4.7,0.4,0.4,0.2,0.8,23,0.31,0,"SG"
15.6,28.6,5.9,1.6,2.2,0.928,26,0.505,3.2,"SG"
11.3,23.2,4.3,2,0.7,0.848,22,0.474,1.2,"SG"
8.9,17.2,3.1,1.5,1.2,0.882,20,0.387,1.6,"SG"
13.6,30.8,4.9,1.3,2.4,0.759,34,0.448,4.4,"C"
5,16,2.1,0,0.7,0.729,34,0.532,1.4,"C"
10.5,23,3.6,1.9,1.4,0.903,32,0.413,1.7,"SG"
4.2,6.1,1.5,0.9,0.4,0.8,22,0.485,0.1,"PF"
13.9,27.9,5,1.9,1.9,0.844,29,0.447,1.5,"PF"
8.9,27.5,3,1.6,1.3,0.806,24,0.422,4,"SG"
8.8,20.8,3.3,0.7,1.5,0.763,23,0.412,1.5,"SF"
8.2,22.5,3.4,0.2,1.1,0.568,20,0.419,3.1,"SG"
9.4,21.9,3.5,1.2,1.2,0.772,29,0.421,1.4,"PF"
4.2,11.6,1.6,0.4,0.7,0.711,21,0.372,0.5,"PF"
6.6,13.3,2.6,0.5,0.8,0.697,30,0.45,0.9,"SG"
14.9,25.3,5.7,0.5,2.9,0.691,19,0.504,1,"PF"
10.1,28.4,3.7,1.9,0.9,0.767,32,0.422,1.2,"PF"
7.8,21.1,3.2,0,1.4,0.561,28,0.593,3,"C"
5.9,16.9,2,0.9,0.9,0.808,28,0.405,3.8,"PG"
7.7,23.6,3.2,0.6,0.8,0.671,25,0.487,1.2,"SF"
6.8,21.2,2.5,1.1,0.8,0.784,27,0.453,1,"PF"
1.5,4.4,0.7,0,0.1,0.25,22,0.333,0.1,"SG"
5.9,14.4,2.2,0.8,0.7,0.843,26,0.545,1.2,"C"
7,10.7,2.9,0.1,1.1,0.718,30,0.49,1,"PF"
4.8,13.3,1.6,0.4,1.1,0.604,27,0.374,2.5,"PG"
6.7,18.4,2.5,0.3,1.5,0.772,25,0.476,1,"PF"
8.3,29.5,3,1.3,1.2,0.805,22,0.43,2.1,"SF"
21.1,33.5,7,2.2,4.9,0.845,31,0.438,6.4,"PG"
7,20.4,2.3,1.4,1.1,0.824,27,0.402,1.2,"PF"
5.8,17.7,2.1,1.3,0.3,0.667,30,0.4,0.8,"PF"
7.5,21.2,3,0.8,0.7,0.753,20,0.464,1.2,"SF"
4.4,9.6,1.8,0,0.9,0.533,30,0.667,0.9,"C"
3.2,10,1.1,0.7,0.3,0.571,31,0.425,2.1,"PG"
7.3,20.6,3.1,0,1.2,0.6,20,0.694,0.6,"C"
10.4,24,4.2,1.1,0.8,0.802,23,0.493,3.6,"PG"
16.6,26.3,6.7,0,3.2,0.643,25,0.615,2,"C"
4.8,10.4,1.7,0.5,1,0.811,21,0.415,0.6,"C"
13.3,28.6,5.1,1,2,0.736,22,0.487,1.6,"C"
1.1,6,0.4,0.1,0.1,1,25,0.3,1.1,"SG"
9.6,23.2,3.7,1.3,0.9,0.761,30,0.479,1.9,"PF"
4.9,13.7,2.1,0,0.7,0.684,24,0.587,0.6,"C"
9.3,31.4,3.4,1.5,1,0.865,30,0.45,3.3,"SF"
5.9,14.9,2,1,0.8,0.891,25,0.402,1.2,"SG"
20.1,31.3,7.7,1,3.6,0.821,23,0.511,7.3,"C"
15.2,27.1,5.2,2.5,2.3,0.847,27,0.439,1.2,"PF"
20.8,31.4,8.8,1.1,2.2,0.789,28,0.518,3.8,"C"
8.4,25.3,3,0.7,1.6,0.712,23,0.47,1.9,"PF"
8.6,18.8,3.2,1.1,1,0.827,25,0.483,1.5,"SG"
7,20.2,2.7,1,0.5,0.581,21,0.453,0.7,"SF"
5.9,17.5,2.1,1,0.7,0.711,21,0.402,1,"PF"
6.3,14.4,2.4,0.4,1.1,0.672,30,0.534,0.7,"SF"
13.9,30.1,5.3,1.9,1.4,0.813,25,0.465,2.1,"SF"
7.3,34.2,2.5,1.8,0.5,0.695,33,0.396,1.2,"PF"
16.9,31.9,6.5,1,3,0.785,24,0.549,3.1,"PF"
6.9,20.7,2.7,1.1,0.5,0.725,26,0.466,2,"SG"
7.6,27.4,2.5,1.4,1.2,0.78,30,0.407,3.8,"PG"
2.6,13.7,0.9,0.3,0.4,0.867,23,0.413,1,"SG"
3.6,13.7,1.3,0.7,0.3,0.633,29,0.374,0.5,"PF"
9.9,23.3,3.4,1.9,1.1,0.854,30,0.425,3,"PG"
3.9,12,1.4,0.2,0.9,0.7,38,0.447,1.7,"C"
28,36.9,9.2,3.8,5.9,0.839,28,0.438,4.1,"SF"
12.6,27.1,4.6,0.8,2.6,0.727,33,0.484,2,"PF"
3.2,8.5,1.3,0.3,0.2,0.5,22,0.381,0.8,"SG"
1.8,5.5,0.5,0.1,0.6,0.81,30,0.5,0.5,"SF"
6.9,14.3,2.8,1.1,0.3,0.769,25,0.465,1.6,"PG"
9.2,29.8,3.8,1.1,0.5,0.639,32,0.405,8,"PG"
5.3,12.8,2,0.5,0.8,0.848,26,0.46,2.5,"PG"
3.7,12,1.3,0.3,0.8,0.667,21,0.333,1.3,"SG"
3.9,10.6,1.8,0,0.3,0.333,21,0.532,0.4,"PF"
4.3,11.5,1.7,0.6,0.4,0.923,34,0.407,1.6,"PG"
11.3,29.8,3.9,2.3,1.2,0.859,27,0.412,2,"SG"
15.4,27.9,5.4,2.1,2.5,0.864,28,0.421,4.2,"PG"
8.2,16.9,3.2,0,1.8,0.731,25,0.608,0.9,"C"
12.7,27.9,4.3,1.2,2.9,0.855,28,0.404,6.1,"PG"
13.3,34.4,4.5,2.4,1.9,0.764,28,0.431,1.3,"SF"
2.5,8.8,1.1,0,0.3,0.6,21,0.706,0.2,"C"
9.5,21.7,4.1,0.1,1.2,0.724,30,0.568,1.2,"C"
8.5,20.5,3.2,0.9,1.1,0.783,20,0.45,0.8,"SF"
11.2,26.3,4.1,1.2,1.9,0.884,26,0.435,1.8,"SG"
7.6,23.5,2.8,1.2,0.8,0.722,27,0.403,1.7,"SG"
0.9,10.1,0.3,0.1,0.3,0.833,25,0.2,1,"SG"
8.9,20.9,3.4,0.2,2,0.645,24,0.411,1.6,"SF"
5.2,20.4,2,0.8,0.4,0.762,25,0.475,1.5,"SF"
13.7,26.7,5.4,1.1,1.7,0.816,32,0.504,2.6,"PF"
15.9,31.8,5.9,0,4.1,0.636,26,0.669,2,"C"
22.9,36,8.6,1.6,4.1,0.656,30,0.428,10.7,"PG"
2.5,12.9,0.8,0.4,0.5,0.75,30,0.304,0.8,"PF"
6.7,24.2,2.3,1,1.1,0.873,24,0.447,3.3,"PG"
4,10.8,1.4,0.9,0.4,0.789,28,0.452,0.5,"SG"
3.9,11.1,1.5,0.3,0.6,0.625,32,0.491,1,"C"
6.1,16.8,2.6,0.4,0.6,0.609,24,0.469,1,"PF"
3.3,10.6,1.2,0.5,0.4,0.615,24,0.424,0.4,"PF"
15,27.2,6.3,0.7,1.8,0.763,29,0.529,1.3,"C"
7.9,18.9,2.9,1.5,0.6,0.846,28,0.456,0.9,"SG"
9.4,17.6,3,1.4,2.1,0.833,27,0.389,2.6,"PG"
10.8,26.5,4.2,0.6,1.9,0.8,20,0.476,3.3,"PG"
4.4,13.4,1.7,0.7,0.3,0.714,22,0.391,0.9,"SG"
6.5,19.6,2.5,0.3,1.1,0.667,25,0.432,1.9,"PG"
4,15.1,1.7,0,0.6,0.784,33,0.519,1.8,"PG"
7.5,21.9,2.9,0.8,1,0.69,28,0.404,3.2,"PG"
1,4.9,0.3,0,0.4,0.735,24,0.347,0.3,"SG"
3,8,1.2,0.3,0.4,0.529,22,0.531,0.5,"PF"
4.3,20,1.5,0.7,0.5,0.719,27,0.382,1.3,"SF"
16.8,28.1,5.4,1.8,4.2,0.806,25,0.442,4.6,"PG"
6.9,18.3,2.6,0.9,0.8,0.781,22,0.389,1.3,"SF"
27.3,33.8,9.2,5.1,3.8,0.916,30,0.472,5.2,"PG"
6.4,17.8,2.5,0.9,0.5,0.69,23,0.465,1.4,"SG"
13.9,33.4,6,0,1.8,0.5,25,0.595,1.6,"C"
3.2,10.5,1.1,0.7,0.3,0.6,21,0.329,0.9,"SF"
3.9,9,1.7,0.1,0.3,0.613,21,0.541,0.4,"PF"
6.4,19.3,2.9,0.2,0.4,0.784,26,0.525,3.4,"PG"
18,31.6,6.9,1.8,2.3,0.815,25,0.486,1.5,"SF"
10.8,24.1,4.3,0.2,1.9,0.757,33,0.566,1.2,"PF"
6.9,26.1,2.5,1.4,0.5,0.725,20,0.429,1,"SG"
15.1,26.5,5.4,2.7,1.6,0.875,27,0.428,1.7,"SG"
9,22.7,3.3,1.5,0.9,0.785,24,0.387,2.9,"PG"
3.8,12.2,1.4,0.7,0.3,0.636,34,0.477,0.5,"SF"
12.6,30.7,5.5,0.6,1.1,0.644,30,0.527,2.5,"PF"
4.5,11.7,1.4,0.7,1.1,0.864,23,0.342,1.2,"SG"
10.5,20.8,4.3,0.5,1.5,0.781,21,0.616,1.3,"C"
1.6,3.3,0.6,0.3,0.1,0.5,22,0.538,0.5,"C"
5,15.2,1.7,0.8,0.9,0.667,21,0.407,0.7,"C"
5.3,19,2,0.6,0.7,0.759,28,0.444,4.2,"PG"
18.1,31.6,6,2.5,3.6,0.841,26,0.393,2.4,"SG"
4.6,13.4,1.6,0.7,0.6,0.756,23,0.376,0.5,"SF"
20,34.7,7.5,1.9,3.2,0.866,26,0.487,2.8,"PF"
8.9,27.1,3.2,0.8,1.6,0.819,27,0.485,5,"PG"
5.7,12,2.7,0,0.3,0.5,21,0.5,0.3,"C"
9.5,17.9,3.8,0.2,1.6,0.734,36,0.46,3.7,"PG"
6,17.6,2.2,1.1,0.5,0.881,27,0.452,0.9,"SF"
5.7,20,2.1,0.8,0.7,0.7,28,0.442,1,"SF"
19.1,30.9,6.5,1.9,4.2,0.829,20,0.418,8.1,"PG"
5.3,20.4,1.8,1.1,0.5,0.818,25,0.335,1,"SG"
12.5,34,4.3,2.1,1.9,0.793,33,0.399,3.7,"SF"
10.9,19.4,4.1,1,1.8,0.831,26,0.431,2.7,"PG"
8.5,17.5,3.2,0.8,1.3,0.698,23,0.418,1.4,"PF"
10.9,27.9,4.7,0,1.6,0.642,27,0.529,2,"C"
6.2,14.9,2.2,1.5,0.4,0.783,27,0.411,0.5,"SG"
5.3,14.9,2.1,0.7,0.4,0.6,24,0.449,0.5,"SF"
0.8,3.5,0.3,0.1,0.2,1,24,0.3,0.1,"PF"
6.2,14.5,2.2,0.9,0.8,0.623,22,0.405,1.2,"SG"
10.9,26.8,3.8,1.6,1.7,0.748,26,0.413,2.9,"PG"
0.9,3.8,0.4,0.2,0,0.333,22,0.5,0.2,"PF"
10.2,20.3,3.7,1.1,1.7,0.719,29,0.389,2.4,"SG"
3.5,10.1,1.5,0.1,0.5,0.526,24,0.424,0.7,"PG"
3.1,15.9,1.1,0,0.9,0.586,36,0.616,0.7,"C"
6.9,22.9,2.7,0.6,0.9,0.841,22,0.415,4.8,"PG"
2.5,7.4,1.1,0,0.3,0.75,38,0.333,0.2,"C"
18.8,31.9,6.9,2.1,2.9,0.73,26,0.423,5.2,"SG"
7.4,17.5,2.6,1.6,0.6,0.712,42,0.419,1.1,"PF"
1.9,5.9,0.6,0.1,0.5,0.727,22,0.303,0.8,"PG"
10.3,24.5,3.5,2.6,0.7,0.796,31,0.403,1.4,"SG"
6.9,19.2,2.6,0.7,0.9,0.728,24,0.406,1.5,"SG"
10.3,25.2,4.1,0.1,2,0.795,19,0.485,1.8,"C"
5,18.1,1.7,0.4,1.2,0.816,24,0.412,1.1,"SF"
3.4,14.1,1.2,0.7,0.3,0.684,31,0.352,0.6,"SF"
12.2,30.3,4,2.2,1.9,0.81,32,0.4,2.3,"SF"
11.5,27.7,4.3,1.6,1.3,0.77,28,0.402,2.9,"SG"
11.9,27.3,5.1,0,1.7,0.551,25,0.556,2.4,"C"
7.3,14,2.6,0.3,1.7,0.694,24,0.519,1,"C"
6,23.1,2.2,1.2,0.4,0.72,31,0.418,1.6,"PF"
5.9,15,2.2,0.8,0.8,0.896,25,0.435,1.9,"PG"
2.6,11.6,1,0.1,0.5,0.7,24,0.294,0.5,"SF"
6.6,17.6,2.5,0.5,1.2,0.746,21,0.473,0.9,"C"
23.7,34.5,8.4,1.9,5,0.832,23,0.467,4.5,"SG"
3.9,12.9,1.3,0,1.4,0.782,34,0.44,1.3,"C"
6.7,18.5,2.3,1,1,0.75,19,0.412,1.7,"SG"
